BEGIN TRANSACTION;
CREATE TABLE wheeloflife(id TEXT, attributeid TEXT, attributename TEXT, myvalues TEXT,time TEXT, questionid TEXT, description TEXT, userid TEXT );
CREATE TABLE wheellife(id TEXT, attributeid TEXT, attributename TEXT, myvalues TEXT,time TEXT, userid TEXT );
CREATE TABLE wheelhistory(id TEXT, userid TEXT, date TEXT, percentagevalue TEXT );
CREATE TABLE vision(id TEXT, userId TEXT, description TEXT, photoid TEXT );
CREATE TABLE valuesquestion(id TEXT, questionid TEXT, answer TEXT );
CREATE TABLE valuesanswer(id TEXT, answerid TEXT, answer TEXT );
CREATE TABLE userprofile(id TEXT, userProfileId TEXT, nom TEXT, prenom TEXT,telephone TEXT, country TEXT, prefix TEXT, email TEXT, codepostal TEXT, gender TEXT, dob TEXT, newsletter TEXT, usertype TEXT );
CREATE TABLE talentquestion(id TEXT, questionid TEXT, description TEXT );
CREATE TABLE talentanswer(id TEXT, answerid TEXT, answer TEXT );
CREATE TABLE talent(id TEXT, description TEXT, myvalues TEXT, talentquestionid TEXT, talentanswerid TEXT, userid TEXT );
CREATE TABLE resultsummary(id TEXT, friendUserId TEXT, userId TEXT, answerId TEXT,lastAnsweredDate TEXT, questionId TEXT, UNIQUE(id) );
CREATE TABLE ratingtype(id TEXT, name TEXT, style TEXT );
INSERT INTO `ratingtype` VALUES ('21c4d400-233e-11e7-b36e-c03fd56ee88c','animalChoice','animalChoice');
INSERT INTO `ratingtype` VALUES ('529510c6-233d-11e7-b36e-c03fd56ee88c','attributeChoice','attributeChoice');
INSERT INTO `ratingtype` VALUES ('7de83d99-5cb0-11e7-a11e-7a791928939c','seasonChoice','seasonChoice');
INSERT INTO `ratingtype` VALUES ('8276630d-5cb0-11e7-a11e-7a791928939c','roleChoice','roleChoice');
INSERT INTO `ratingtype` VALUES ('866ff60f-5cb0-11e7-a11e-7a791928939c','colorChoice','colorChoice');
INSERT INTO `ratingtype` VALUES ('976b4ccc-5cb0-11e7-a11e-7a791928939c','motivationChoice','motivationChoice');
INSERT INTO `ratingtype` VALUES ('cb729134-233d-11e7-b36e-c03fd56ee88c','elementChoice','elementChoice');
INSERT INTO `ratingtype` VALUES ('d2cccf4b-233d-11e7-b36e-c03fd56ee88c','competenceChoice','competenceChoice');
CREATE TABLE quotes(quote TEXT );
INSERT INTO `quotes` VALUES ('Quotes 1');
INSERT INTO `quotes` VALUES ('Quotes 2');
INSERT INTO `quotes` VALUES ('Quotea 3');
CREATE TABLE question(id TEXT, activityId TEXT, attributeId TEXT, activityCategoryId TEXT,orderList TEXT, ratingTypeId TEXT, question TEXT, description TEXT, localeid TEXT, version TEXT, appVersion TEXT );
INSERT INTO `question` VALUES ('f90d09d7-5d5d-11e7-a7e0-484d7ee0cd26','3c83f63b-2343-11e7-b36e-c03fd56ee88c','8ab363b7-2338-11e7-b36e-c03fd56ee88c','f33bfd80-2331-11e7-b36e-c03fd56ee88c','1','21c4d400-233e-11e7-b36e-c03fd56ee88c','Quel animal est-il(elle) ?',NULL,NULL,NULL,NULL);
INSERT INTO `question` VALUES ('0b60f35e-5d80-11e7-a7e0-484d7ee0cd26','3c83f63b-2343-11e7-b36e-c03fd56ee88c','91c2ee2e-5c94-11e7-a11e-7a791928939c','f33bfd80-2331-11e7-b36e-c03fd56ee88c','22','529510c6-233d-11e7-b36e-c03fd56ee88c','Qui use de toute l''autorité qu''il possède sans s''imposer de limite','Autoritaire',NULL,NULL,NULL);
INSERT INTO `question` VALUES ('0b62db36-5d80-11e7-a7e0-484d7ee0cd26','3c83f63b-2343-11e7-b36e-c03fd56ee88c','91c2ee2e-5c94-11e7-a11e-7a791928939c','f33bfd80-2331-11e7-b36e-c03fd56ee88c','23','529510c6-233d-11e7-b36e-c03fd56ee88c','Qui aime et recherche l''aventure ; audacieux, téméraire','Aventureux',NULL,NULL,NULL);
INSERT INTO `question` VALUES ('0b62e069-5d80-11e7-a7e0-484d7ee0cd26','3c83f63b-2343-11e7-b36e-c03fd56ee88c','91c2ee2e-5c94-11e7-a11e-7a791928939c','f33bfd80-2331-11e7-b36e-c03fd56ee88c','24','529510c6-233d-11e7-b36e-c03fd56ee88c','Qui se montre indulgent, gentil et attentionné envers autrui d’une manière désintéressée et compréhensive.','Bienveillant',NULL,NULL,NULL);
INSERT INTO `question` VALUES ('0b62ef7c-5d80-11e7-a7e0-484d7ee0cd26','3c83f63b-2343-11e7-b36e-c03fd56ee88c','91c2ee2e-5c94-11e7-a11e-7a791928939c','f33bfd80-2331-11e7-b36e-c03fd56ee88c','25','529510c6-233d-11e7-b36e-c03fd56ee88c','Remarquable, qui s''impose par son intelligence.','Brillant',NULL,NULL,NULL);
INSERT INTO `question` VALUES ('0b62f4d0-5d80-11e7-a7e0-484d7ee0cd26','3c83f63b-2343-11e7-b36e-c03fd56ee88c','91c2ee2e-5c94-11e7-a11e-7a791928939c','f33bfd80-2331-11e7-b36e-c03fd56ee88c','26','529510c6-233d-11e7-b36e-c03fd56ee88c','Qui travaille avec acharnement. ','Bûcheur',NULL,NULL,NULL);
INSERT INTO `question` VALUES ('0b62fc35-5d80-11e7-a7e0-484d7ee0cd26','3c83f63b-2343-11e7-b36e-c03fd56ee88c','91c2ee2e-5c94-11e7-a11e-7a791928939c','f33bfd80-2331-11e7-b36e-c03fd56ee88c','27','529510c6-233d-11e7-b36e-c03fd56ee88c','Qui est tranquille, montre de la maîtrise de soi, de la paix de l''esprit.','Calme',NULL,NULL,NULL);
INSERT INTO `question` VALUES ('0ea7400d-5d5f-11e7-a7e0-484d7ee0cd26','3c83f63b-2343-11e7-b36e-c03fd56ee88c','91c2ee2e-5c94-11e7-a11e-7a791928939c','f33bfd80-2331-11e7-b36e-c03fd56ee88c','4','529510c6-233d-11e7-b36e-c03fd56ee88c','Qui fait toujours bon accueil aux autres','Actif',NULL,NULL,NULL);
INSERT INTO `question` VALUES ('150766a1-5d91-11e7-a7e0-484d7ee0cd26','3c83f63b-2343-11e7-b36e-c03fd56ee88c','91c2ee2e-5c94-11e7-a11e-7a791928939c','f33bfd80-2331-11e7-b36e-c03fd56ee88c','91','529510c6-233d-11e7-b36e-c03fd56ee88c','Qui ne craint pas le danger et affronte les obstacles sans avoir peur','Intrépide',NULL,NULL,NULL);
INSERT INTO `question` VALUES ('150a71cc-5d91-11e7-a7e0-484d7ee0cd26','3c83f63b-2343-11e7-b36e-c03fd56ee88c','91c2ee2e-5c94-11e7-a11e-7a791928939c','f33bfd80-2331-11e7-b36e-c03fd56ee88c','92','529510c6-233d-11e7-b36e-c03fd56ee88c','Qui est doué d''intuition.','Intuitif',NULL,NULL,NULL);
INSERT INTO `question` VALUES ('150a76a9-5d91-11e7-a7e0-484d7ee0cd26','3c83f63b-2343-11e7-b36e-c03fd56ee88c','91c2ee2e-5c94-11e7-a11e-7a791928939c','f33bfd80-2331-11e7-b36e-c03fd56ee88c','93','529510c6-233d-11e7-b36e-c03fd56ee88c','Habile à inventer, à imaginer quelque chose d''original','Inventif',NULL,NULL,NULL);
INSERT INTO `question` VALUES ('150a7aaf-5d91-11e7-a7e0-484d7ee0cd26','3c83f63b-2343-11e7-b36e-c03fd56ee88c','91c2ee2e-5c94-11e7-a11e-7a791928939c','f33bfd80-2331-11e7-b36e-c03fd56ee88c','94','529510c6-233d-11e7-b36e-c03fd56ee88c','Qui est porté à rire, à s''amuser, à prendre gaiement la vie','Joyeux',NULL,NULL,NULL);
INSERT INTO `question` VALUES ('150a7e34-5d91-11e7-a7e0-484d7ee0cd26','3c83f63b-2343-11e7-b36e-c03fd56ee88c','91c2ee2e-5c94-11e7-a11e-7a791928939c','f33bfd80-2331-11e7-b36e-c03fd56ee88c','95','529510c6-233d-11e7-b36e-c03fd56ee88c','Qui témoigne d''un jugement sain, pertinent, rationnel','Judicieux',NULL,NULL,NULL);
INSERT INTO `question` VALUES ('150a81c7-5d91-11e7-a7e0-484d7ee0cd26','3c83f63b-2343-11e7-b36e-c03fd56ee88c','91c2ee2e-5c94-11e7-a11e-7a791928939c','f33bfd80-2331-11e7-b36e-c03fd56ee88c','96','529510c6-233d-11e7-b36e-c03fd56ee88c','Qui respecte le droit et l''équité','Juste',NULL,NULL,NULL);
INSERT INTO `question` VALUES ('150a857c-5d91-11e7-a7e0-484d7ee0cd26','3c83f63b-2343-11e7-b36e-c03fd56ee88c','91c2ee2e-5c94-11e7-a11e-7a791928939c','f33bfd80-2331-11e7-b36e-c03fd56ee88c','97','529510c6-233d-11e7-b36e-c03fd56ee88c','Qui a le pouvoir d''agir selon sa volonté.','Libre',NULL,NULL,NULL);
INSERT INTO `question` VALUES ('150a88fe-5d91-11e7-a7e0-484d7ee0cd26','3c83f63b-2343-11e7-b36e-c03fd56ee88c','91c2ee2e-5c94-11e7-a11e-7a791928939c','f33bfd80-2331-11e7-b36e-c03fd56ee88c','98','529510c6-233d-11e7-b36e-c03fd56ee88c','Conforme au bon sens, cohérent, rationnel','Logique',NULL,NULL,NULL);
INSERT INTO `question` VALUES ('150a8c9e-5d91-11e7-a7e0-484d7ee0cd26','3c83f63b-2343-11e7-b36e-c03fd56ee88c','91c2ee2e-5c94-11e7-a11e-7a791928939c','f33bfd80-2331-11e7-b36e-c03fd56ee88c','99','529510c6-233d-11e7-b36e-c03fd56ee88c','qui est sincèrement fidèle dans sa conduite morale, respecte ses engagements et possède un sens de l''honneur développé.','Loyal',NULL,NULL,NULL);
INSERT INTO `question` VALUES ('150a939f-5d91-11e7-a7e0-484d7ee0cd26','3c83f63b-2343-11e7-b36e-c03fd56ee88c','91c2ee2e-5c94-11e7-a11e-7a791928939c','f33bfd80-2331-11e7-b36e-c03fd56ee88c','100','529510c6-233d-11e7-b36e-c03fd56ee88c','Qui voit clairement, objectivement les choses dans leur réalité','Lucide',NULL,NULL,NULL);
INSERT INTO `question` VALUES ('2575d1f8-5d60-11e7-a7e0-484d7ee0cd26','3c83f63b-2343-11e7-b36e-c03fd56ee88c','91c2ee2e-5c94-11e7-a11e-7a791928939c','f33bfd80-2331-11e7-b36e-c03fd56ee88c','11','529510c6-233d-11e7-b36e-c03fd56ee88c','qui rassure, qui calme','Apaisant',NULL,NULL,NULL);
INSERT INTO `question` VALUES ('2786dec3-5fbc-11e7-a7e0-484d7ee0cd26','3c83f63b-2343-11e7-b36e-c03fd56ee88c','6001c111-5cb3-11e7-a11e-7a791928939c','f33bfd80-2331-11e7-b36e-c03fd56ee88c','166','529510c6-233d-11e7-b36e-c03fd56ee88c','Qui veut réussir, arriver à tout prix ; ambitieux sans scrupule','Arriviste',NULL,NULL,NULL);
INSERT INTO `question` VALUES ('27891517-5fbc-11e7-a7e0-484d7ee0cd26','3c83f63b-2343-11e7-b36e-c03fd56ee88c','6001c111-5cb3-11e7-a11e-7a791928939c','f33bfd80-2331-11e7-b36e-c03fd56ee88c','167','529510c6-233d-11e7-b36e-c03fd56ee88c','Qui manifeste, à l''égard des autres, un orgueil méprisant','Arrogant',NULL,NULL,NULL);
INSERT INTO `question` VALUES ('2789296a-5fbc-11e7-a7e0-484d7ee0cd26','3c83f63b-2343-11e7-b36e-c03fd56ee88c','6001c111-5cb3-11e7-a11e-7a791928939c','f33bfd80-2331-11e7-b36e-c03fd56ee88c','168','529510c6-233d-11e7-b36e-c03fd56ee88c','Qui n''est pas adapté à la vie sociale. ','Asocial',NULL,NULL,NULL);
INSERT INTO `question` VALUES ('27893f55-5fbc-11e7-a7e0-484d7ee0cd26','3c83f63b-2343-11e7-b36e-c03fd56ee88c','6001c111-5cb3-11e7-a11e-7a791928939c','f33bfd80-2331-11e7-b36e-c03fd56ee88c','169','529510c6-233d-11e7-b36e-c03fd56ee88c','Compatible, conciliable, arrangeable.','Associable',NULL,NULL,NULL);
INSERT INTO `question` VALUES ('27894f99-5fbc-11e7-a7e0-484d7ee0cd26','3c83f63b-2343-11e7-b36e-c03fd56ee88c','6001c111-5cb3-11e7-a11e-7a791928939c','f33bfd80-2331-11e7-b36e-c03fd56ee88c','170','529510c6-233d-11e7-b36e-c03fd56ee88c','Qui cherche constamment à imposer son autorité et ne supporte pas la contradiction. ','Autoritaire',NULL,NULL,NULL);
INSERT INTO `question` VALUES ('27895c58-5fbc-11e7-a7e0-484d7ee0cd26','3c83f63b-2343-11e7-b36e-c03fd56ee88c','6001c111-5cb3-11e7-a11e-7a791928939c','f33bfd80-2331-11e7-b36e-c03fd56ee88c','171','529510c6-233d-11e7-b36e-c03fd56ee88c','Qui aime accumuler de l''argent mais se refuse à le dépenser. ','Avare',NULL,NULL,NULL);
INSERT INTO `question` VALUES ('278968d9-5fbc-11e7-a7e0-484d7ee0cd26','3c83f63b-2343-11e7-b36e-c03fd56ee88c','6001c111-5cb3-11e7-a11e-7a791928939c','f33bfd80-2331-11e7-b36e-c03fd56ee88c','172','529510c6-233d-11e7-b36e-c03fd56ee88c','Qui aime se battre, querelleur','Bagarreur',NULL,NULL,NULL);
INSERT INTO `question` VALUES ('27897383-5fbc-11e7-a7e0-484d7ee0cd26','3c83f63b-2343-11e7-b36e-c03fd56ee88c','6001c111-5cb3-11e7-a11e-7a791928939c','f33bfd80-2331-11e7-b36e-c03fd56ee88c','173','529510c6-233d-11e7-b36e-c03fd56ee88c','Se dit d''un homme beau parleur, qui raconte des mensonges pour parvenir à ses fins. ','Baratineur',NULL,NULL,NULL);
INSERT INTO `question` VALUES ('2789803c-5fbc-11e7-a7e0-484d7ee0cd26','3c83f63b-2343-11e7-b36e-c03fd56ee88c','6001c111-5cb3-11e7-a11e-7a791928939c','f33bfd80-2331-11e7-b36e-c03fd56ee88c','174','529510c6-233d-11e7-b36e-c03fd56ee88c','Qui parle beaucoup, aime parler. ','Bavard',NULL,NULL,NULL);
INSERT INTO `question` VALUES ('27898c7a-5fbc-11e7-a7e0-484d7ee0cd26','3c83f63b-2343-11e7-b36e-c03fd56ee88c','6001c111-5cb3-11e7-a11e-7a791928939c','f33bfd80-2331-11e7-b36e-c03fd56ee88c','175','529510c6-233d-11e7-b36e-c03fd56ee88c','Désabusé, lassé.','Blasé',NULL,NULL,NULL);
INSERT INTO `question` VALUES ('27899771-5fbc-11e7-a7e0-484d7ee0cd26','3c83f63b-2343-11e7-b36e-c03fd56ee88c','6001c111-5cb3-11e7-a11e-7a791928939c','f33bfd80-2331-11e7-b36e-c03fd56ee88c','176','529510c6-233d-11e7-b36e-c03fd56ee88c','Qui blesse moralement ; offensant','Blessant',NULL,NULL,NULL);
INSERT INTO `question` VALUES ('2789a238-5fbc-11e7-a7e0-484d7ee0cd26','3c83f63b-2343-11e7-b36e-c03fd56ee88c','6001c111-5cb3-11e7-a11e-7a791928939c','f33bfd80-2331-11e7-b36e-c03fd56ee88c','177','529510c6-233d-11e7-b36e-c03fd56ee88c','Intellectuellement limité; étroit, restreint','Borné',NULL,NULL,NULL);
INSERT INTO `question` VALUES ('2789ad38-5fbc-11e7-a7e0-484d7ee0cd26','3c83f63b-2343-11e7-b36e-c03fd56ee88c','6001c111-5cb3-11e7-a11e-7a791928939c','f33bfd80-2331-11e7-b36e-c03fd56ee88c','178','529510c6-233d-11e7-b36e-c03fd56ee88c','Qui boude fréquemment, qui montre constamment du dépit. ','Boudeur',NULL,NULL,NULL);
INSERT INTO `question` VALUES ('2789b453-5fbc-11e7-a7e0-484d7ee0cd26','3c83f63b-2343-11e7-b36e-c03fd56ee88c','6001c111-5cb3-11e7-a11e-7a791928939c','f33bfd80-2331-11e7-b36e-c03fd56ee88c','179','529510c6-233d-11e7-b36e-c03fd56ee88c','Personne désordonnée, dont les idées manquent de clarté. ','Brouillon',NULL,NULL,NULL);
INSERT INTO `question` VALUES ('2789b836-5fbc-11e7-a7e0-484d7ee0cd26','3c83f63b-2343-11e7-b36e-c03fd56ee88c','6001c111-5cb3-11e7-a11e-7a791928939c','f33bfd80-2331-11e7-b36e-c03fd56ee88c','180','529510c6-233d-11e7-b36e-c03fd56ee88c','Personnage grossier et violent. ','Brute',NULL,NULL,NULL);
INSERT INTO `question` VALUES ('2789bbf5-5fbc-11e7-a7e0-484d7ee0cd26','3c83f63b-2343-11e7-b36e-c03fd56ee88c','6001c111-5cb3-11e7-a11e-7a791928939c','f33bfd80-2331-11e7-b36e-c03fd56ee88c','181','529510c6-233d-11e7-b36e-c03fd56ee88c','Qui fait du bruit. ','Bruyant',NULL,NULL,NULL);
INSERT INTO `question` VALUES ('2789bfc4-5fbc-11e7-a7e0-484d7ee0cd26','3c83f63b-2343-11e7-b36e-c03fd56ee88c','6001c111-5cb3-11e7-a11e-7a791928939c','f33bfd80-2331-11e7-b36e-c03fd56ee88c','182','529510c6-233d-11e7-b36e-c03fd56ee88c','Qui fait des cachotteries, qui a des petits secrets. ','Cachottier',NULL,NULL,NULL);
INSERT INTO `question` VALUES ('2789c387-5fbc-11e7-a7e0-484d7ee0cd26','3c83f63b-2343-11e7-b36e-c03fd56ee88c','6001c111-5cb3-11e7-a11e-7a791928939c','f33bfd80-2331-11e7-b36e-c03fd56ee88c','183','529510c6-233d-11e7-b36e-c03fd56ee88c','Habile à élaborer des plans, à faire des calculs intéressés. ','Calculateur',NULL,NULL,NULL);
INSERT INTO `question` VALUES ('2789c77c-5fbc-11e7-a7e0-484d7ee0cd26','3c83f63b-2343-11e7-b36e-c03fd56ee88c','6001c111-5cb3-11e7-a11e-7a791928939c','f33bfd80-2331-11e7-b36e-c03fd56ee88c','184','529510c6-233d-11e7-b36e-c03fd56ee88c','Qui fait des caprices. Imprévisible et changeant, inconséquent.','Capricieux',NULL,NULL,NULL);
INSERT INTO `question` VALUES ('2789cc66-5fbc-11e7-a7e0-484d7ee0cd26','3c83f63b-2343-11e7-b36e-c03fd56ee88c','6001c111-5cb3-11e7-a11e-7a791928939c','f33bfd80-2331-11e7-b36e-c03fd56ee88c','185','529510c6-233d-11e7-b36e-c03fd56ee88c',' Autoritaire. ','Cassant',NULL,NULL,NULL);
INSERT INTO `question` VALUES ('2789d032-5fbc-11e7-a7e0-484d7ee0cd26','3c83f63b-2343-11e7-b36e-c03fd56ee88c','6001c111-5cb3-11e7-a11e-7a791928939c','f33bfd80-2331-11e7-b36e-c03fd56ee88c','186','529510c6-233d-11e7-b36e-c03fd56ee88c',' Qui prend des risques. Imprudent','Casse-cou',NULL,NULL,NULL);
INSERT INTO `question` VALUES ('2789d3e1-5fbc-11e7-a7e0-484d7ee0cd26','3c83f63b-2343-11e7-b36e-c03fd56ee88c','6001c111-5cb3-11e7-a11e-7a791928939c','f33bfd80-2331-11e7-b36e-c03fd56ee88c','187','529510c6-233d-11e7-b36e-c03fd56ee88c','Catastrophiste désigne quelque chose ou quelqu''un qui annonce une catastrophe ; dans la plupart des cas de manière exagérée. ','Catastrophiste',NULL,NULL,NULL);
INSERT INTO `question` VALUES ('2789d79d-5fbc-11e7-a7e0-484d7ee0cd26','3c83f63b-2343-11e7-b36e-c03fd56ee88c','6001c111-5cb3-11e7-a11e-7a791928939c','f33bfd80-2331-11e7-b36e-c03fd56ee88c','188','529510c6-233d-11e7-b36e-c03fd56ee88c','Mordant, piquant, cinglant.','Caustique',NULL,NULL,NULL);
INSERT INTO `question` VALUES ('2789db70-5fbc-11e7-a7e0-484d7ee0cd26','3c83f63b-2343-11e7-b36e-c03fd56ee88c','6001c111-5cb3-11e7-a11e-7a791928939c','f33bfd80-2331-11e7-b36e-c03fd56ee88c','189','529510c6-233d-11e7-b36e-c03fd56ee88c',' Emporté, prompt à se mettre en colère. ','Coléreux',NULL,NULL,NULL);
INSERT INTO `question` VALUES ('2789e100-5fbc-11e7-a7e0-484d7ee0cd26','3c83f63b-2343-11e7-b36e-c03fd56ee88c','6001c111-5cb3-11e7-a11e-7a791928939c','f33bfd80-2331-11e7-b36e-c03fd56ee88c','190','529510c6-233d-11e7-b36e-c03fd56ee88c','Qui est difficile à appréhender, analyser et comprendre.','Compliqué',NULL,NULL,NULL);
INSERT INTO `question` VALUES ('2789e529-5fbc-11e7-a7e0-484d7ee0cd26','3c83f63b-2343-11e7-b36e-c03fd56ee88c','6001c111-5cb3-11e7-a11e-7a791928939c','f33bfd80-2331-11e7-b36e-c03fd56ee88c','191','529510c6-233d-11e7-b36e-c03fd56ee88c','Embrouillé, indistinct, vague, équivoque.','Confus',NULL,NULL,NULL);
INSERT INTO `question` VALUES ('2789e96f-5fbc-11e7-a7e0-484d7ee0cd26','3c83f63b-2343-11e7-b36e-c03fd56ee88c','6001c111-5cb3-11e7-a11e-7a791928939c','f33bfd80-2331-11e7-b36e-c03fd56ee88c','192','529510c6-233d-11e7-b36e-c03fd56ee88c','Qui croit facilement ce qu''on lui raconte.','Crédule',NULL,NULL,NULL);
INSERT INTO `question` VALUES ('2789ed21-5fbc-11e7-a7e0-484d7ee0cd26','3c83f63b-2343-11e7-b36e-c03fd56ee88c','6001c111-5cb3-11e7-a11e-7a791928939c','f33bfd80-2331-11e7-b36e-c03fd56ee88c','193','529510c6-233d-11e7-b36e-c03fd56ee88c','Qui aime à voir ou à faire souffrir. ','Cruel',NULL,NULL,NULL);
INSERT INTO `question` VALUES ('2789f0f4-5fbc-11e7-a7e0-484d7ee0cd26','3c83f63b-2343-11e7-b36e-c03fd56ee88c','6001c111-5cb3-11e7-a11e-7a791928939c','f33bfd80-2331-11e7-b36e-c03fd56ee88c','194','529510c6-233d-11e7-b36e-c03fd56ee88c','Intéressé, avide d''argent, vénal, qui ne pense qu''à des préoccupations financières. ','cupide',NULL,NULL,NULL);
INSERT INTO `question` VALUES ('2789f4b3-5fbc-11e7-a7e0-484d7ee0cd26','3c83f63b-2343-11e7-b36e-c03fd56ee88c','6001c111-5cb3-11e7-a11e-7a791928939c','f33bfd80-2331-11e7-b36e-c03fd56ee88c','195','529510c6-233d-11e7-b36e-c03fd56ee88c',' Qui ignore délibérément les convenances, qui a des opinions contraires à la morale. ','Cynique',NULL,NULL,NULL);
INSERT INTO `question` VALUES ('29abc034-5fc2-11e7-a7e0-484d7ee0cd26','3c83f63b-2343-11e7-b36e-c03fd56ee88c','6001c111-5cb3-11e7-a11e-7a791928939c','f33bfd80-2331-11e7-b36e-c03fd56ee88c','220','529510c6-233d-11e7-b36e-c03fd56ee88c','Dédaigneux, fier, qui se sent supérieur aux autres et qui les prend de haut, les méprise. ','Hautain',NULL,NULL,NULL);
INSERT INTO `question` VALUES ('29acb8c9-5fc2-11e7-a7e0-484d7ee0cd26','3c83f63b-2343-11e7-b36e-c03fd56ee88c','6001c111-5cb3-11e7-a11e-7a791928939c','f33bfd80-2331-11e7-b36e-c03fd56ee88c','221','529510c6-233d-11e7-b36e-c03fd56ee88c',' Qui manque d''assurance. ','Hésitant',NULL,NULL,NULL);
INSERT INTO `question` VALUES ('29acc652-5fc2-11e7-a7e0-484d7ee0cd26','3c83f63b-2343-11e7-b36e-c03fd56ee88c','6001c111-5cb3-11e7-a11e-7a791928939c','f33bfd80-2331-11e7-b36e-c03fd56ee88c','222','529510c6-233d-11e7-b36e-c03fd56ee88c',' Qui humilie, cause de la honte. ','Humiliant',NULL,NULL,NULL);
INSERT INTO `question` VALUES ('29acd4f5-5fc2-11e7-a7e0-484d7ee0cd26','3c83f63b-2343-11e7-b36e-c03fd56ee88c','6001c111-5cb3-11e7-a11e-7a791928939c','f33bfd80-2331-11e7-b36e-c03fd56ee88c','223','529510c6-233d-11e7-b36e-c03fd56ee88c','Qui dissimule ses sentiments, ses pensées, sa véritable personnalité.','Hypocrite',NULL,NULL,NULL);
INSERT INTO `question` VALUES ('29ace2a1-5fc2-11e7-a7e0-484d7ee0cd26','3c83f63b-2343-11e7-b36e-c03fd56ee88c','6001c111-5cb3-11e7-a11e-7a791928939c','f33bfd80-2331-11e7-b36e-c03fd56ee88c','224','529510c6-233d-11e7-b36e-c03fd56ee88c','S''applique aux personnes prétentieuses, qui sont remplies d''amour propre et d''autosatisfaction.','Imbu de lui-même',NULL,NULL,NULL);
INSERT INTO `question` VALUES ('29aceebf-5fc2-11e7-a7e0-484d7ee0cd26','3c83f63b-2343-11e7-b36e-c03fd56ee88c','6001c111-5cb3-11e7-a11e-7a791928939c','f33bfd80-2331-11e7-b36e-c03fd56ee88c','225','529510c6-233d-11e7-b36e-c03fd56ee88c','Qui n''a pas atteint la maturité physiologique ou qui manque de maturité intellectuelle, affective.','Immature',NULL,NULL,NULL);
INSERT INTO `question` VALUES ('29afedcd-5fc2-11e7-a7e0-484d7ee0cd26','3c83f63b-2343-11e7-b36e-c03fd56ee88c','6001c111-5cb3-11e7-a11e-7a791928939c','f33bfd80-2331-11e7-b36e-c03fd56ee88c','226','529510c6-233d-11e7-b36e-c03fd56ee88c','Qui est pressé, manque de patience.','Impatient',NULL,NULL,NULL);
INSERT INTO `question` VALUES ('29afffd2-5fc2-11e7-a7e0-484d7ee0cd26','3c83f63b-2343-11e7-b36e-c03fd56ee88c','6001c111-5cb3-11e7-a11e-7a791928939c','f33bfd80-2331-11e7-b36e-c03fd56ee88c','227','529510c6-233d-11e7-b36e-c03fd56ee88c','Qui est dépourvu de prudence, qui agit d''une manière irréfléchie','Imprudent',NULL,NULL,NULL);
INSERT INTO `question` VALUES ('29b0174d-5fc2-11e7-a7e0-484d7ee0cd26','3c83f63b-2343-11e7-b36e-c03fd56ee88c','6001c111-5cb3-11e7-a11e-7a791928939c','f33bfd80-2331-11e7-b36e-c03fd56ee88c','228','529510c6-233d-11e7-b36e-c03fd56ee88c','Qui agit selon ses impulsions, sans réfléchir.','Impulsif',NULL,NULL,NULL);
INSERT INTO `question` VALUES ('2b6d0004-5d7c-11e7-a7e0-484d7ee0cd26','3c83f63b-2343-11e7-b36e-c03fd56ee88c','91c2ee2e-5c94-11e7-a11e-7a791928939c','f33bfd80-2331-11e7-b36e-c03fd56ee88c','21','529510c6-233d-11e7-b36e-c03fd56ee88c','Qui a une certaine indépendance, capable d''agir sans avoir recours à autrui.','Autonome',NULL,NULL,NULL);
INSERT INTO `question` VALUES ('2de21a88-60b7-11e7-a7e0-484d7ee0cd26','3f1790cb-2343-11e7-b36e-c03fd56ee88c','6c1f0c72-5cb4-11e7-a11e-7a791928939c','f4c0c96f-2331-11e7-b36e-c03fd56ee88c','724','866ff60f-5cb0-11e7-a11e-7a791928939c','Quelle couleur êtes-vous?',NULL,NULL,NULL,NULL);
INSERT INTO `question` VALUES ('2e16098f-5d61-11e7-a7e0-484d7ee0cd26','3c83f63b-2343-11e7-b36e-c03fd56ee88c','91c2ee2e-5c94-11e7-a11e-7a791928939c','f33bfd80-2331-11e7-b36e-c03fd56ee88c','19','529510c6-233d-11e7-b36e-c03fd56ee88c','Qui a de la hardiesse, téméraire.','Audacieux',NULL,NULL,NULL);
INSERT INTO `question` VALUES ('2e17634c-5d61-11e7-a7e0-484d7ee0cd26','3c83f63b-2343-11e7-b36e-c03fd56ee88c','91c2ee2e-5c94-11e7-a11e-7a791928939c','f33bfd80-2331-11e7-b36e-c03fd56ee88c','20','529510c6-233d-11e7-b36e-c03fd56ee88c','Dont la sincérité est incontestable','Authentique',NULL,NULL,NULL);
INSERT INTO `question` VALUES ('30b7e2d8-6080-11e7-a7e0-484d7ee0cd26','3f1790cb-2343-11e7-b36e-c03fd56ee88c','24551cf0-5cb4-11e7-a11e-7a791928939c','f4c0c96f-2331-11e7-b36e-c03fd56ee88c','372','529510c6-233d-11e7-b36e-c03fd56ee88c','Accessible facilement, en parlant d''une personne.','Abordable',NULL,NULL,NULL);
INSERT INTO `question` VALUES ('30bf53a4-6080-11e7-a7e0-484d7ee0cd26','3f1790cb-2343-11e7-b36e-c03fd56ee88c','24551cf0-5cb4-11e7-a11e-7a791928939c','f4c0c96f-2331-11e7-b36e-c03fd56ee88c','373','529510c6-233d-11e7-b36e-c03fd56ee88c','Qui fait toujours bon accueil aux autres','Accueillant',NULL,NULL,NULL);
INSERT INTO `question` VALUES ('30bf6257-6080-11e7-a7e0-484d7ee0cd26','3f1790cb-2343-11e7-b36e-c03fd56ee88c','24551cf0-5cb4-11e7-a11e-7a791928939c','f4c0c96f-2331-11e7-b36e-c03fd56ee88c','374','529510c6-233d-11e7-b36e-c03fd56ee88c','Qui fait toujours bon accueil aux autres','Actif',NULL,NULL,NULL);
INSERT INTO `question` VALUES ('30bf732b-6080-11e7-a7e0-484d7ee0cd26','3f1790cb-2343-11e7-b36e-c03fd56ee88c','24551cf0-5cb4-11e7-a11e-7a791928939c','f4c0c96f-2331-11e7-b36e-c03fd56ee88c','375','529510c6-233d-11e7-b36e-c03fd56ee88c','Qui montre beaucoup d''affection','Affectueux',NULL,NULL,NULL);
INSERT INTO `question` VALUES ('30bf83c6-6080-11e7-a7e0-484d7ee0cd26','3f1790cb-2343-11e7-b36e-c03fd56ee88c','24551cf0-5cb4-11e7-a11e-7a791928939c','f4c0c96f-2331-11e7-b36e-c03fd56ee88c','376','529510c6-233d-11e7-b36e-c03fd56ee88c','Avec qui on a plaisir à se trouver','Agréable',NULL,NULL,NULL);
INSERT INTO `question` VALUES ('30bf93d7-6080-11e7-a7e0-484d7ee0cd26','3f1790cb-2343-11e7-b36e-c03fd56ee88c','24551cf0-5cb4-11e7-a11e-7a791928939c','f4c0c96f-2331-11e7-b36e-c03fd56ee88c','377','529510c6-233d-11e7-b36e-c03fd56ee88c','Personne qui se met au service d''une autre pour l''aider','Aidant',NULL,NULL,NULL);
INSERT INTO `question` VALUES ('30bfa5b5-6080-11e7-a7e0-484d7ee0cd26','3f1790cb-2343-11e7-b36e-c03fd56ee88c','24551cf0-5cb4-11e7-a11e-7a791928939c','f4c0c96f-2331-11e7-b36e-c03fd56ee88c','378','529510c6-233d-11e7-b36e-c03fd56ee88c','Qui, par sa politesse, sa gentillesse, son désir de faire plaisir, s''attire la sympathie d''autrui','Aimable',NULL,NULL,NULL);
INSERT INTO `question` VALUES ('30bfb27a-6080-11e7-a7e0-484d7ee0cd26','3f1790cb-2343-11e7-b36e-c03fd56ee88c','24551cf0-5cb4-11e7-a11e-7a791928939c','f4c0c96f-2331-11e7-b36e-c03fd56ee88c','379','529510c6-233d-11e7-b36e-c03fd56ee88c','Désir ardent de gloire, d''honneurs, de réussite sociale','Ambitieux',NULL,NULL,NULL);
INSERT INTO `question` VALUES ('30bfbe45-6080-11e7-a7e0-484d7ee0cd26','3f1790cb-2343-11e7-b36e-c03fd56ee88c','24551cf0-5cb4-11e7-a11e-7a791928939c','f4c0c96f-2331-11e7-b36e-c03fd56ee88c','380','529510c6-233d-11e7-b36e-c03fd56ee88c','Drôle, divertissant, qui amuse.','Amusant',NULL,NULL,NULL);
INSERT INTO `question` VALUES ('30bfcc6e-6080-11e7-a7e0-484d7ee0cd26','3f1790cb-2343-11e7-b36e-c03fd56ee88c','24551cf0-5cb4-11e7-a11e-7a791928939c','f4c0c96f-2331-11e7-b36e-c03fd56ee88c','381','529510c6-233d-11e7-b36e-c03fd56ee88c','qui rassure, qui calme','Apaisant',NULL,NULL,NULL);
INSERT INTO `question` VALUES ('30bfdb68-6080-11e7-a7e0-484d7ee0cd26','3f1790cb-2343-11e7-b36e-c03fd56ee88c','24551cf0-5cb4-11e7-a11e-7a791928939c','f4c0c96f-2331-11e7-b36e-c03fd56ee88c','382','529510c6-233d-11e7-b36e-c03fd56ee88c','Studieux, qui exécute avec soin, soigneux.','Appliqué',NULL,NULL,NULL);
INSERT INTO `question` VALUES ('30bfe9c1-6080-11e7-a7e0-484d7ee0cd26','3f1790cb-2343-11e7-b36e-c03fd56ee88c','24551cf0-5cb4-11e7-a11e-7a791928939c','f4c0c96f-2331-11e7-b36e-c03fd56ee88c','383','529510c6-233d-11e7-b36e-c03fd56ee88c','Qui cultive ou maîtrise un art, un savoir, une technique, et dont on remarque entre autres la créativité, la poésie, l''originalité de sa production, de ses actes, de ses gestes.','Artiste',NULL,NULL,NULL);
INSERT INTO `question` VALUES ('30bff85a-6080-11e7-a7e0-484d7ee0cd26','3f1790cb-2343-11e7-b36e-c03fd56ee88c','24551cf0-5cb4-11e7-a11e-7a791928939c','f4c0c96f-2331-11e7-b36e-c03fd56ee88c','384','529510c6-233d-11e7-b36e-c03fd56ee88c','Qui a ou dénote de l''ingéniosité. Habile.','Astucieux',NULL,NULL,NULL);
INSERT INTO `question` VALUES ('30c00653-6080-11e7-a7e0-484d7ee0cd26','3f1790cb-2343-11e7-b36e-c03fd56ee88c','24551cf0-5cb4-11e7-a11e-7a791928939c','f4c0c96f-2331-11e7-b36e-c03fd56ee88c','385','529510c6-233d-11e7-b36e-c03fd56ee88c','Qui suscite de la bienveillance.','Attachant',NULL,NULL,NULL);
INSERT INTO `question` VALUES ('42e3b3a1-5fb4-11e7-a7e0-484d7ee0cd26','3c83f63b-2343-11e7-b36e-c03fd56ee88c','91c2ee2e-5c94-11e7-a11e-7a791928939c','f33bfd80-2331-11e7-b36e-c03fd56ee88c','101','529510c6-233d-11e7-b36e-c03fd56ee88c','Qui est capable de maîtriser ses émotions et ses pulsions','Maître de soi',NULL,NULL,NULL);
INSERT INTO `question` VALUES ('42e3c7fb-5fb4-11e7-a7e0-484d7ee0cd26','3c83f63b-2343-11e7-b36e-c03fd56ee88c','91c2ee2e-5c94-11e7-a11e-7a791928939c','f33bfd80-2331-11e7-b36e-c03fd56ee88c','102','529510c6-233d-11e7-b36e-c03fd56ee88c','Qui fait preuve de stratagèmes et d''inventivité pour contourner des obstacles ou arriver à ses fins.','Malin',NULL,NULL,NULL);
INSERT INTO `question` VALUES ('42e3d7b5-5fb4-11e7-a7e0-484d7ee0cd26','3c83f63b-2343-11e7-b36e-c03fd56ee88c','91c2ee2e-5c94-11e7-a11e-7a791928939c','f33bfd80-2331-11e7-b36e-c03fd56ee88c','103','529510c6-233d-11e7-b36e-c03fd56ee88c','Qui procède conformément à des règles et à des principes rationnels.','Méthodique',NULL,NULL,NULL);
INSERT INTO `question` VALUES ('42e3e846-5fb4-11e7-a7e0-484d7ee0cd26','3c83f63b-2343-11e7-b36e-c03fd56ee88c','91c2ee2e-5c94-11e7-a11e-7a791928939c','f33bfd80-2331-11e7-b36e-c03fd56ee88c','104','529510c6-233d-11e7-b36e-c03fd56ee88c','Qui est fait avec un grand scrupule, une grande attention ','Minutieux',NULL,NULL,NULL);
INSERT INTO `question` VALUES ('42e3f99a-5fb4-11e7-a7e0-484d7ee0cd26','3c83f63b-2343-11e7-b36e-c03fd56ee88c','91c2ee2e-5c94-11e7-a11e-7a791928939c','f33bfd80-2331-11e7-b36e-c03fd56ee88c','105','529510c6-233d-11e7-b36e-c03fd56ee88c','Qui est modéré dans l''appréciation de soi-même, exempt d''orgueil, de vanité','Modeste',NULL,NULL,NULL);
INSERT INTO `question` VALUES ('42e40b9c-5fb4-11e7-a7e0-484d7ee0cd26','3c83f63b-2343-11e7-b36e-c03fd56ee88c','91c2ee2e-5c94-11e7-a11e-7a791928939c','f33bfd80-2331-11e7-b36e-c03fd56ee88c','106','529510c6-233d-11e7-b36e-c03fd56ee88c','Qui a conscience de ce qui est bien','Moral',NULL,NULL,NULL);
INSERT INTO `question` VALUES ('42e41c7a-5fb4-11e7-a7e0-484d7ee0cd26','3c83f63b-2343-11e7-b36e-c03fd56ee88c','91c2ee2e-5c94-11e7-a11e-7a791928939c','f33bfd80-2331-11e7-b36e-c03fd56ee88c','107','529510c6-233d-11e7-b36e-c03fd56ee88c','Qui ne fait pas intervenir d''éléments affectifs, de facteurs personnels dans ses jugements','Objectif',NULL,NULL,NULL);
INSERT INTO `question` VALUES ('42e42d4f-5fb4-11e7-a7e0-484d7ee0cd26','3c83f63b-2343-11e7-b36e-c03fd56ee88c','91c2ee2e-5c94-11e7-a11e-7a791928939c','f33bfd80-2331-11e7-b36e-c03fd56ee88c','108','529510c6-233d-11e7-b36e-c03fd56ee88c','qui observe avec attention, qui a le sens de l''observation','Observateur',NULL,NULL,NULL);
INSERT INTO `question` VALUES ('42e43fa1-5fb4-11e7-a7e0-484d7ee0cd26','3c83f63b-2343-11e7-b36e-c03fd56ee88c','91c2ee2e-5c94-11e7-a11e-7a791928939c','f33bfd80-2331-11e7-b36e-c03fd56ee88c','109','529510c6-233d-11e7-b36e-c03fd56ee88c','Qui est obstiné dans sa résolution, tenace dans sa volonté','Opiniâtre',NULL,NULL,NULL);
INSERT INTO `question` VALUES ('42e44c4c-5fb4-11e7-a7e0-484d7ee0cd26','3c83f63b-2343-11e7-b36e-c03fd56ee88c','91c2ee2e-5c94-11e7-a11e-7a791928939c','f33bfd80-2331-11e7-b36e-c03fd56ee88c','110','529510c6-233d-11e7-b36e-c03fd56ee88c','Qui est porté, par son caractère, à voir tout en bien, à s''estimer satisfait de ce qui arrive, à être confiant dans l''avenir.','Optimiste',NULL,NULL,NULL);
INSERT INTO `question` VALUES ('42e45874-5fb4-11e7-a7e0-484d7ee0cd26','3c83f63b-2343-11e7-b36e-c03fd56ee88c','91c2ee2e-5c94-11e7-a11e-7a791928939c','f33bfd80-2331-11e7-b36e-c03fd56ee88c','111','529510c6-233d-11e7-b36e-c03fd56ee88c','Avoir certaines qualités d''ordre et de méthode pour mettre chaque chose à sa place ','Ordonné',NULL,NULL,NULL);
INSERT INTO `question` VALUES ('42e46472-5fb4-11e7-a7e0-484d7ee0cd26','3c83f63b-2343-11e7-b36e-c03fd56ee88c','91c2ee2e-5c94-11e7-a11e-7a791928939c','f33bfd80-2331-11e7-b36e-c03fd56ee88c','112','529510c6-233d-11e7-b36e-c03fd56ee88c','Qui prépare quelque chose dans ses détails, le combine, en coordonne les divers éléments','Organisé',NULL,NULL,NULL);
INSERT INTO `question` VALUES ('42e471a1-5fb4-11e7-a7e0-484d7ee0cd26','3c83f63b-2343-11e7-b36e-c03fd56ee88c','91c2ee2e-5c94-11e7-a11e-7a791928939c','f33bfd80-2331-11e7-b36e-c03fd56ee88c','113','529510c6-233d-11e7-b36e-c03fd56ee88c','Qui est unique en son genre, qui ne paraît s''inspirer de rien d''antérieur ','Original',NULL,NULL,NULL);
INSERT INTO `question` VALUES ('42e478a5-5fb4-11e7-a7e0-484d7ee0cd26','3c83f63b-2343-11e7-b36e-c03fd56ee88c','91c2ee2e-5c94-11e7-a11e-7a791928939c','f33bfd80-2331-11e7-b36e-c03fd56ee88c','114','529510c6-233d-11e7-b36e-c03fd56ee88c','Qui est accueillant, franc, sincère, communicatif.','Ouvert',NULL,NULL,NULL);
INSERT INTO `question` VALUES ('42e48336-5fb4-11e7-a7e0-484d7ee0cd26','3c83f63b-2343-11e7-b36e-c03fd56ee88c','91c2ee2e-5c94-11e7-a11e-7a791928939c','f33bfd80-2331-11e7-b36e-c03fd56ee88c','115','529510c6-233d-11e7-b36e-c03fd56ee88c','Qui fait preuve d''une grande tolérance, manifestant de l''intérêt, de la curiosité et de la compréhension pour les idées qui diffèrent en partie ou totalement des siennes.','Ouvert d''esprit',NULL,NULL,NULL);
INSERT INTO `question` VALUES ('42e48cf5-5fb4-11e7-a7e0-484d7ee0cd26','3c83f63b-2343-11e7-b36e-c03fd56ee88c','91c2ee2e-5c94-11e7-a11e-7a791928939c','f33bfd80-2331-11e7-b36e-c03fd56ee88c','116','529510c6-233d-11e7-b36e-c03fd56ee88c','Tranquille, pacifique, calme, serein.','Paisible',NULL,NULL,NULL);
INSERT INTO `question` VALUES ('42e495e1-5fb4-11e7-a7e0-484d7ee0cd26','3c83f63b-2343-11e7-b36e-c03fd56ee88c','91c2ee2e-5c94-11e7-a11e-7a791928939c','f33bfd80-2331-11e7-b36e-c03fd56ee88c','117','529510c6-233d-11e7-b36e-c03fd56ee88c','Personne qui a un goût très vif pour quelque chose :','Passionné',NULL,NULL,NULL);
INSERT INTO `question` VALUES ('42f16c2a-5fb4-11e7-a7e0-484d7ee0cd26','3c83f63b-2343-11e7-b36e-c03fd56ee88c','91c2ee2e-5c94-11e7-a11e-7a791928939c','f33bfd80-2331-11e7-b36e-c03fd56ee88c','118','529510c6-233d-11e7-b36e-c03fd56ee88c','Qui fait preuve de patience, de tolérance, de calme','Patient',NULL,NULL,NULL);
INSERT INTO `question` VALUES ('42f17add-5fb4-11e7-a7e0-484d7ee0cd26','3c83f63b-2343-11e7-b36e-c03fd56ee88c','91c2ee2e-5c94-11e7-a11e-7a791928939c','f33bfd80-2331-11e7-b36e-c03fd56ee88c','119','529510c6-233d-11e7-b36e-c03fd56ee88c','Se dit d''une personne ne baissant pas les bras devant une difficulté ou un obstacle, qui refuse d''abandonner et veut coûte que coûte poursuivre son but.','Persévérant',NULL,NULL,NULL);
INSERT INTO `question` VALUES ('42f189b3-5fb4-11e7-a7e0-484d7ee0cd26','3c83f63b-2343-11e7-b36e-c03fd56ee88c','91c2ee2e-5c94-11e7-a11e-7a791928939c','f33bfd80-2331-11e7-b36e-c03fd56ee88c','120','529510c6-233d-11e7-b36e-c03fd56ee88c','Doué d’un esprit pénétrant et capable d’apercevoir ce qui échappe à la plupart des gens','Perspicace',NULL,NULL,NULL);
INSERT INTO `question` VALUES ('42f19c83-5fb4-11e7-a7e0-484d7ee0cd26','3c83f63b-2343-11e7-b36e-c03fd56ee88c','91c2ee2e-5c94-11e7-a11e-7a791928939c','f33bfd80-2331-11e7-b36e-c03fd56ee88c','121','529510c6-233d-11e7-b36e-c03fd56ee88c','Qui amène quelqu''un à croire, à vouloir, à faire quelque chose par une adhésion complète','Persuasif',NULL,NULL,NULL);
INSERT INTO `question` VALUES ('42f1ab26-5fb4-11e7-a7e0-484d7ee0cd26','3c83f63b-2343-11e7-b36e-c03fd56ee88c','91c2ee2e-5c94-11e7-a11e-7a791928939c','f33bfd80-2331-11e7-b36e-c03fd56ee88c','122','529510c6-233d-11e7-b36e-c03fd56ee88c','Qui fait à point nommé ce qu''il doit faire, sans retard ni négligence','Ponctuel',NULL,NULL,NULL);
INSERT INTO `question` VALUES ('42f1b90b-5fb4-11e7-a7e0-484d7ee0cd26','3c83f63b-2343-11e7-b36e-c03fd56ee88c','91c2ee2e-5c94-11e7-a11e-7a791928939c','f33bfd80-2331-11e7-b36e-c03fd56ee88c','123','529510c6-233d-11e7-b36e-c03fd56ee88c','Être bien équilibré, calme et modéré dans ses opinions ou ses jugements.','Pondéré',NULL,NULL,NULL);
INSERT INTO `question` VALUES ('42f1c62d-5fb4-11e7-a7e0-484d7ee0cd26','3c83f63b-2343-11e7-b36e-c03fd56ee88c','91c2ee2e-5c94-11e7-a11e-7a791928939c','f33bfd80-2331-11e7-b36e-c03fd56ee88c','124','529510c6-233d-11e7-b36e-c03fd56ee88c','Calme, réfléchi, sérieux.','Posé',NULL,NULL,NULL);
INSERT INTO `question` VALUES ('42f1d42d-5fb4-11e7-a7e0-484d7ee0cd26','3c83f63b-2343-11e7-b36e-c03fd56ee88c','91c2ee2e-5c94-11e7-a11e-7a791928939c','f33bfd80-2331-11e7-b36e-c03fd56ee88c','125','529510c6-233d-11e7-b36e-c03fd56ee88c','Qui tient compte des réalité, qui a le sens pratique','Positif',NULL,NULL,NULL);
INSERT INTO `question` VALUES ('437e9e78-6143-11e7-a7e0-484d7ee0cd26','3f1790cb-2343-11e7-b36e-c03fd56ee88c','7296fd4a-5cb4-11e7-a11e-7a791928939c','f4c0c96f-2331-11e7-b36e-c03fd56ee88c','725','976b4ccc-5cb0-11e7-a11e-7a791928939c',NULL,'le pouvoir',NULL,NULL,NULL);
INSERT INTO `question` VALUES ('43806997-6143-11e7-a7e0-484d7ee0cd26','3f1790cb-2343-11e7-b36e-c03fd56ee88c','7296fd4a-5cb4-11e7-a11e-7a791928939c','f4c0c96f-2331-11e7-b36e-c03fd56ee88c','726','976b4ccc-5cb0-11e7-a11e-7a791928939c',NULL,'la considération',NULL,NULL,NULL);
INSERT INTO `question` VALUES ('43807800-6143-11e7-a7e0-484d7ee0cd26','3f1790cb-2343-11e7-b36e-c03fd56ee88c','7296fd4a-5cb4-11e7-a11e-7a791928939c','f4c0c96f-2331-11e7-b36e-c03fd56ee88c','727','976b4ccc-5cb0-11e7-a11e-7a791928939c',NULL,'l''amour',NULL,NULL,NULL);
INSERT INTO `question` VALUES ('438086dd-6143-11e7-a7e0-484d7ee0cd26','3f1790cb-2343-11e7-b36e-c03fd56ee88c','7296fd4a-5cb4-11e7-a11e-7a791928939c','f4c0c96f-2331-11e7-b36e-c03fd56ee88c','728','976b4ccc-5cb0-11e7-a11e-7a791928939c',NULL,'la sécurité',NULL,NULL,NULL);
INSERT INTO `question` VALUES ('438095e3-6143-11e7-a7e0-484d7ee0cd26','3f1790cb-2343-11e7-b36e-c03fd56ee88c','7296fd4a-5cb4-11e7-a11e-7a791928939c','f4c0c96f-2331-11e7-b36e-c03fd56ee88c','729','976b4ccc-5cb0-11e7-a11e-7a791928939c',NULL,'le confort',NULL,NULL,NULL);
INSERT INTO `question` VALUES ('4380a4b6-6143-11e7-a7e0-484d7ee0cd26','3f1790cb-2343-11e7-b36e-c03fd56ee88c','7296fd4a-5cb4-11e7-a11e-7a791928939c','f4c0c96f-2331-11e7-b36e-c03fd56ee88c','730','976b4ccc-5cb0-11e7-a11e-7a791928939c',NULL,'le plaisir',NULL,NULL,NULL);
INSERT INTO `question` VALUES ('4380b396-6143-11e7-a7e0-484d7ee0cd26','3f1790cb-2343-11e7-b36e-c03fd56ee88c','7296fd4a-5cb4-11e7-a11e-7a791928939c','f4c0c96f-2331-11e7-b36e-c03fd56ee88c','731','976b4ccc-5cb0-11e7-a11e-7a791928939c',NULL,'l''intérêt personnel',NULL,NULL,NULL);
INSERT INTO `question` VALUES ('4380c028-6143-11e7-a7e0-484d7ee0cd26','3f1790cb-2343-11e7-b36e-c03fd56ee88c','7296fd4a-5cb4-11e7-a11e-7a791928939c','f4c0c96f-2331-11e7-b36e-c03fd56ee88c','732','976b4ccc-5cb0-11e7-a11e-7a791928939c',NULL,'le pratique',NULL,NULL,NULL);
INSERT INTO `question` VALUES ('4380cb52-6143-11e7-a7e0-484d7ee0cd26','3f1790cb-2343-11e7-b36e-c03fd56ee88c','7296fd4a-5cb4-11e7-a11e-7a791928939c','f4c0c96f-2331-11e7-b36e-c03fd56ee88c','733','976b4ccc-5cb0-11e7-a11e-7a791928939c',NULL,'l''intérêt du groupe',NULL,NULL,NULL);
INSERT INTO `question` VALUES ('4380d8b8-6143-11e7-a7e0-484d7ee0cd26','3f1790cb-2343-11e7-b36e-c03fd56ee88c','7296fd4a-5cb4-11e7-a11e-7a791928939c','f4c0c96f-2331-11e7-b36e-c03fd56ee88c','734','976b4ccc-5cb0-11e7-a11e-7a791928939c',NULL,'l''image de soi',NULL,NULL,NULL);
INSERT INTO `question` VALUES ('444c7049-5d60-11e7-a7e0-484d7ee0cd26','3c83f63b-2343-11e7-b36e-c03fd56ee88c','91c2ee2e-5c94-11e7-a11e-7a791928939c','f33bfd80-2331-11e7-b36e-c03fd56ee88c','12','529510c6-233d-11e7-b36e-c03fd56ee88c','Studieux, qui exécute avec soin, soigneux.','Appliqué',NULL,NULL,NULL);
INSERT INTO `question` VALUES ('4b7b72f3-5d5e-11e7-a7e0-484d7ee0cd26','3c83f63b-2343-11e7-b36e-c03fd56ee88c','91c2ee2e-5c94-11e7-a11e-7a791928939c','f33bfd80-2331-11e7-b36e-c03fd56ee88c','2','529510c6-233d-11e7-b36e-c03fd56ee88c','Accessible facilement, en parlant d''une personne.','Abordable',NULL,NULL,NULL);
INSERT INTO `question` VALUES ('4c1f2b68-60a9-11e7-a7e0-484d7ee0cd26','3f1790cb-2343-11e7-b36e-c03fd56ee88c','29c8ffa7-5cb4-11e7-a11e-7a791928939c','f4c0c96f-2331-11e7-b36e-c03fd56ee88c','541','529510c6-233d-11e7-b36e-c03fd56ee88c','Qui aime accumuler de l''argent mais se refuse à le dépenser.','Avare',NULL,NULL,NULL);
INSERT INTO `question` VALUES ('4c20ff1a-60a9-11e7-a7e0-484d7ee0cd26','3f1790cb-2343-11e7-b36e-c03fd56ee88c','29c8ffa7-5cb4-11e7-a11e-7a791928939c','f4c0c96f-2331-11e7-b36e-c03fd56ee88c','542','529510c6-233d-11e7-b36e-c03fd56ee88c','Qui aime se battre, querelleur','Bagarreur',NULL,NULL,NULL);
INSERT INTO `question` VALUES ('4c2b4716-60a9-11e7-a7e0-484d7ee0cd26','3f1790cb-2343-11e7-b36e-c03fd56ee88c','29c8ffa7-5cb4-11e7-a11e-7a791928939c','f4c0c96f-2331-11e7-b36e-c03fd56ee88c','543','529510c6-233d-11e7-b36e-c03fd56ee88c','Se dit d''un homme beau parleur, qui raconte des mensonges pour parvenir à ses fins.','Baratineur',NULL,NULL,NULL);
INSERT INTO `question` VALUES ('4c2b5553-60a9-11e7-a7e0-484d7ee0cd26','3f1790cb-2343-11e7-b36e-c03fd56ee88c','29c8ffa7-5cb4-11e7-a11e-7a791928939c','f4c0c96f-2331-11e7-b36e-c03fd56ee88c','544','529510c6-233d-11e7-b36e-c03fd56ee88c','Qui parle beaucoup, aime parler.','Bavard',NULL,NULL,NULL);
INSERT INTO `question` VALUES ('4c2b62f2-60a9-11e7-a7e0-484d7ee0cd26','3f1790cb-2343-11e7-b36e-c03fd56ee88c','29c8ffa7-5cb4-11e7-a11e-7a791928939c','f4c0c96f-2331-11e7-b36e-c03fd56ee88c','545','529510c6-233d-11e7-b36e-c03fd56ee88c','Désabusé, lassé.','Blasé',NULL,NULL,NULL);
INSERT INTO `question` VALUES ('4c2b7034-60a9-11e7-a7e0-484d7ee0cd26','3f1790cb-2343-11e7-b36e-c03fd56ee88c','29c8ffa7-5cb4-11e7-a11e-7a791928939c','f4c0c96f-2331-11e7-b36e-c03fd56ee88c','546','529510c6-233d-11e7-b36e-c03fd56ee88c','Qui blesse moralement ; offensant','Blessant',NULL,NULL,NULL);
INSERT INTO `question` VALUES ('4c2b7c52-60a9-11e7-a7e0-484d7ee0cd26','3f1790cb-2343-11e7-b36e-c03fd56ee88c','29c8ffa7-5cb4-11e7-a11e-7a791928939c','f4c0c96f-2331-11e7-b36e-c03fd56ee88c','547','529510c6-233d-11e7-b36e-c03fd56ee88c','Intellectuellement limité; étroit, restreint','Borné',NULL,NULL,NULL);
INSERT INTO `question` VALUES ('4c2b8904-60a9-11e7-a7e0-484d7ee0cd26','3f1790cb-2343-11e7-b36e-c03fd56ee88c','29c8ffa7-5cb4-11e7-a11e-7a791928939c','f4c0c96f-2331-11e7-b36e-c03fd56ee88c','548','529510c6-233d-11e7-b36e-c03fd56ee88c','Qui boude fréquemment, qui montre constamment du dépit.','Boudeur',NULL,NULL,NULL);
INSERT INTO `question` VALUES ('4c2b9512-60a9-11e7-a7e0-484d7ee0cd26','3f1790cb-2343-11e7-b36e-c03fd56ee88c','29c8ffa7-5cb4-11e7-a11e-7a791928939c','f4c0c96f-2331-11e7-b36e-c03fd56ee88c','549','529510c6-233d-11e7-b36e-c03fd56ee88c','Personne désordonnée, dont les idées manquent de clarté.','Brouillon',NULL,NULL,NULL);
INSERT INTO `question` VALUES ('4c2b9d9e-60a9-11e7-a7e0-484d7ee0cd26','3f1790cb-2343-11e7-b36e-c03fd56ee88c','29c8ffa7-5cb4-11e7-a11e-7a791928939c','f4c0c96f-2331-11e7-b36e-c03fd56ee88c','550','529510c6-233d-11e7-b36e-c03fd56ee88c','Personnage grossier et violent.','Brute',NULL,NULL,NULL);
INSERT INTO `question` VALUES ('4c2ba529-60a9-11e7-a7e0-484d7ee0cd26','3f1790cb-2343-11e7-b36e-c03fd56ee88c','29c8ffa7-5cb4-11e7-a11e-7a791928939c','f4c0c96f-2331-11e7-b36e-c03fd56ee88c','551','529510c6-233d-11e7-b36e-c03fd56ee88c','Qui fait du bruit.','Bruyant',NULL,NULL,NULL);
INSERT INTO `question` VALUES ('4c2bac8a-60a9-11e7-a7e0-484d7ee0cd26','3f1790cb-2343-11e7-b36e-c03fd56ee88c','29c8ffa7-5cb4-11e7-a11e-7a791928939c','f4c0c96f-2331-11e7-b36e-c03fd56ee88c','552','529510c6-233d-11e7-b36e-c03fd56ee88c','Qui fait des cachotteries, qui a des petits secrets.','Cachottier',NULL,NULL,NULL);
INSERT INTO `question` VALUES ('4c2bb7a5-60a9-11e7-a7e0-484d7ee0cd26','3f1790cb-2343-11e7-b36e-c03fd56ee88c','29c8ffa7-5cb4-11e7-a11e-7a791928939c','f4c0c96f-2331-11e7-b36e-c03fd56ee88c','553','529510c6-233d-11e7-b36e-c03fd56ee88c','Habile à élaborer des plans, à faire des calculs intéressés.','Calculateur',NULL,NULL,NULL);
INSERT INTO `question` VALUES ('4c2bc091-60a9-11e7-a7e0-484d7ee0cd26','3f1790cb-2343-11e7-b36e-c03fd56ee88c','29c8ffa7-5cb4-11e7-a11e-7a791928939c','f4c0c96f-2331-11e7-b36e-c03fd56ee88c','554','529510c6-233d-11e7-b36e-c03fd56ee88c','Qui fait des caprices.  Imprévisible et changeant, inconséquent.','Capricieux',NULL,NULL,NULL);
INSERT INTO `question` VALUES ('4c2bcea0-60a9-11e7-a7e0-484d7ee0cd26','3f1790cb-2343-11e7-b36e-c03fd56ee88c','29c8ffa7-5cb4-11e7-a11e-7a791928939c','f4c0c96f-2331-11e7-b36e-c03fd56ee88c','555','529510c6-233d-11e7-b36e-c03fd56ee88c','Autoritaire.','Cassant',NULL,NULL,NULL);
INSERT INTO `question` VALUES ('4c2bd914-60a9-11e7-a7e0-484d7ee0cd26','3f1790cb-2343-11e7-b36e-c03fd56ee88c','29c8ffa7-5cb4-11e7-a11e-7a791928939c','f4c0c96f-2331-11e7-b36e-c03fd56ee88c','556','529510c6-233d-11e7-b36e-c03fd56ee88c','Qui prend des risques. Imprudent','Casse-cou',NULL,NULL,NULL);
INSERT INTO `question` VALUES ('4c2be37e-60a9-11e7-a7e0-484d7ee0cd26','3f1790cb-2343-11e7-b36e-c03fd56ee88c','29c8ffa7-5cb4-11e7-a11e-7a791928939c','f4c0c96f-2331-11e7-b36e-c03fd56ee88c','557','529510c6-233d-11e7-b36e-c03fd56ee88c','Catastrophiste désigne quelque chose ou quelqu''un qui annonce une catastrophe ; dans la plupart des cas de manière exagérée.','Catastrophiste',NULL,NULL,NULL);
INSERT INTO `question` VALUES ('4c2be9be-60a9-11e7-a7e0-484d7ee0cd26','3f1790cb-2343-11e7-b36e-c03fd56ee88c','29c8ffa7-5cb4-11e7-a11e-7a791928939c','f4c0c96f-2331-11e7-b36e-c03fd56ee88c','558','529510c6-233d-11e7-b36e-c03fd56ee88c','Mordant, piquant, cinglant.','Caustique',NULL,NULL,NULL);
INSERT INTO `question` VALUES ('4c2beea2-60a9-11e7-a7e0-484d7ee0cd26','3f1790cb-2343-11e7-b36e-c03fd56ee88c','29c8ffa7-5cb4-11e7-a11e-7a791928939c','f4c0c96f-2331-11e7-b36e-c03fd56ee88c','559','529510c6-233d-11e7-b36e-c03fd56ee88c','Emporté, prompt à se mettre en colère.','Coléreux',NULL,NULL,NULL);
INSERT INTO `question` VALUES ('4c2bf2ee-60a9-11e7-a7e0-484d7ee0cd26','3f1790cb-2343-11e7-b36e-c03fd56ee88c','29c8ffa7-5cb4-11e7-a11e-7a791928939c','f4c0c96f-2331-11e7-b36e-c03fd56ee88c','560','529510c6-233d-11e7-b36e-c03fd56ee88c','Qui est difficile à appréhender, analyser et comprendre.','Compliqué',NULL,NULL,NULL);
INSERT INTO `question` VALUES ('4c2bf70a-60a9-11e7-a7e0-484d7ee0cd26','3f1790cb-2343-11e7-b36e-c03fd56ee88c','29c8ffa7-5cb4-11e7-a11e-7a791928939c','f4c0c96f-2331-11e7-b36e-c03fd56ee88c','561','529510c6-233d-11e7-b36e-c03fd56ee88c','Embrouillé, indistinct, vague, équivoque.','Confus',NULL,NULL,NULL);
INSERT INTO `question` VALUES ('4c2bfba0-60a9-11e7-a7e0-484d7ee0cd26','3f1790cb-2343-11e7-b36e-c03fd56ee88c','29c8ffa7-5cb4-11e7-a11e-7a791928939c','f4c0c96f-2331-11e7-b36e-c03fd56ee88c','562','529510c6-233d-11e7-b36e-c03fd56ee88c','Qui croit facilement ce qu''on lui raconte.','Crédule',NULL,NULL,NULL);
INSERT INTO `question` VALUES ('4c2c00a3-60a9-11e7-a7e0-484d7ee0cd26','3f1790cb-2343-11e7-b36e-c03fd56ee88c','29c8ffa7-5cb4-11e7-a11e-7a791928939c','f4c0c96f-2331-11e7-b36e-c03fd56ee88c','563','529510c6-233d-11e7-b36e-c03fd56ee88c','Qui aime à voir ou à faire souffrir.','Cruel',NULL,NULL,NULL);
INSERT INTO `question` VALUES ('4c2c0999-60a9-11e7-a7e0-484d7ee0cd26','3f1790cb-2343-11e7-b36e-c03fd56ee88c','29c8ffa7-5cb4-11e7-a11e-7a791928939c','f4c0c96f-2331-11e7-b36e-c03fd56ee88c','564','529510c6-233d-11e7-b36e-c03fd56ee88c','Intéressé, avide d''argent, vénal, qui ne pense qu''à des préoccupations financières.','cupide',NULL,NULL,NULL);
INSERT INTO `question` VALUES ('4c2c1648-60a9-11e7-a7e0-484d7ee0cd26','3f1790cb-2343-11e7-b36e-c03fd56ee88c','29c8ffa7-5cb4-11e7-a11e-7a791928939c','f4c0c96f-2331-11e7-b36e-c03fd56ee88c','565','529510c6-233d-11e7-b36e-c03fd56ee88c','Qui ignore délibérément les convenances, qui a des opinions contraires à la morale.','Cynique',NULL,NULL,NULL);
INSERT INTO `question` VALUES ('4c2c1f9a-60a9-11e7-a7e0-484d7ee0cd26','3f1790cb-2343-11e7-b36e-c03fd56ee88c','29c8ffa7-5cb4-11e7-a11e-7a791928939c','f4c0c96f-2331-11e7-b36e-c03fd56ee88c','566','529510c6-233d-11e7-b36e-c03fd56ee88c','Être submergé par le travail, les occupations','Débordé',NULL,NULL,NULL);
INSERT INTO `question` VALUES ('4c2c2474-60a9-11e7-a7e0-484d7ee0cd26','3f1790cb-2343-11e7-b36e-c03fd56ee88c','29c8ffa7-5cb4-11e7-a11e-7a791928939c','f4c0c96f-2331-11e7-b36e-c03fd56ee88c','567','529510c6-233d-11e7-b36e-c03fd56ee88c','Qui manque de confiance dans la réussite de quelque chose, pessimiste.','Défaitiste',NULL,NULL,NULL);
INSERT INTO `question` VALUES ('4c2c28b0-60a9-11e7-a7e0-484d7ee0cd26','3f1790cb-2343-11e7-b36e-c03fd56ee88c','29c8ffa7-5cb4-11e7-a11e-7a791928939c','f4c0c96f-2331-11e7-b36e-c03fd56ee88c','568','529510c6-233d-11e7-b36e-c03fd56ee88c','Qui dépense beaucoup, qui aime dépenser.','Dépensier',NULL,NULL,NULL);
INSERT INTO `question` VALUES ('4c2c3078-60a9-11e7-a7e0-484d7ee0cd26','3f1790cb-2343-11e7-b36e-c03fd56ee88c','29c8ffa7-5cb4-11e7-a11e-7a791928939c','f4c0c96f-2331-11e7-b36e-c03fd56ee88c','569','529510c6-233d-11e7-b36e-c03fd56ee88c','Dégagé, sans-gêne, impertinent, qui ne prête guère attention à ce et ceux qui l''entourent, qui prend les choses à la légère.','Désinvolte',NULL,NULL,NULL);
INSERT INTO `question` VALUES ('4c2c3c30-60a9-11e7-a7e0-484d7ee0cd26','3f1790cb-2343-11e7-b36e-c03fd56ee88c','29c8ffa7-5cb4-11e7-a11e-7a791928939c','f4c0c96f-2331-11e7-b36e-c03fd56ee88c','570','529510c6-233d-11e7-b36e-c03fd56ee88c','Qui n''obéit pas.','Désobéissant',NULL,NULL,NULL);
INSERT INTO `question` VALUES ('4c2c470d-60a9-11e7-a7e0-484d7ee0cd26','3f1790cb-2343-11e7-b36e-c03fd56ee88c','29c8ffa7-5cb4-11e7-a11e-7a791928939c','f4c0c96f-2331-11e7-b36e-c03fd56ee88c','571','529510c6-233d-11e7-b36e-c03fd56ee88c','Qui est en désordre, qui manque d''ordre.','Désordonné',NULL,NULL,NULL);
INSERT INTO `question` VALUES ('4c2c52eb-60a9-11e7-a7e0-484d7ee0cd26','3f1790cb-2343-11e7-b36e-c03fd56ee88c','29c8ffa7-5cb4-11e7-a11e-7a791928939c','f4c0c96f-2331-11e7-b36e-c03fd56ee88c','572','529510c6-233d-11e7-b36e-c03fd56ee88c','Qualifie une personne ou une chose faisant preuve d’un manque d’organisation, de logique, de rationalité, de pragmatisme','Désorganisé',NULL,NULL,NULL);
INSERT INTO `question` VALUES ('4c2c5bc4-60a9-11e7-a7e0-484d7ee0cd26','3f1790cb-2343-11e7-b36e-c03fd56ee88c','29c8ffa7-5cb4-11e7-a11e-7a791928939c','f4c0c96f-2331-11e7-b36e-c03fd56ee88c','573','529510c6-233d-11e7-b36e-c03fd56ee88c','Méchant, pernicieux, démoniaque.','Diabolique',NULL,NULL,NULL);
INSERT INTO `question` VALUES ('4c2c66f5-60a9-11e7-a7e0-484d7ee0cd26','3f1790cb-2343-11e7-b36e-c03fd56ee88c','29c8ffa7-5cb4-11e7-a11e-7a791928939c','f4c0c96f-2331-11e7-b36e-c03fd56ee88c','574','529510c6-233d-11e7-b36e-c03fd56ee88c','Etourdi, inattentif.','Distrait',NULL,NULL,NULL);
INSERT INTO `question` VALUES ('4c2c6f5a-60a9-11e7-a7e0-484d7ee0cd26','3f1790cb-2343-11e7-b36e-c03fd56ee88c','29c8ffa7-5cb4-11e7-a11e-7a791928939c','f4c0c96f-2331-11e7-b36e-c03fd56ee88c','575','529510c6-233d-11e7-b36e-c03fd56ee88c','Obéissant, qui obéit facilement aux ordres qu''on peut lui donner, montrant peu de goût pour la rébellion.','Docile',NULL,NULL,NULL);
INSERT INTO `question` VALUES ('4c2c791a-60a9-11e7-a7e0-484d7ee0cd26','3f1790cb-2343-11e7-b36e-c03fd56ee88c','29c8ffa7-5cb4-11e7-a11e-7a791928939c','f4c0c96f-2331-11e7-b36e-c03fd56ee88c','576','529510c6-233d-11e7-b36e-c03fd56ee88c','Qui domine sur d''autres, qui aime à dominer.','Dominateur',NULL,NULL,NULL);
INSERT INTO `question` VALUES ('4c2c8276-60a9-11e7-a7e0-484d7ee0cd26','3f1790cb-2343-11e7-b36e-c03fd56ee88c','29c8ffa7-5cb4-11e7-a11e-7a791928939c','f4c0c96f-2331-11e7-b36e-c03fd56ee88c','577','529510c6-233d-11e7-b36e-c03fd56ee88c','Qui se croit le centre du monde, qui rapporte tout à soi.','Égocentrique',NULL,NULL,NULL);
INSERT INTO `question` VALUES ('4c2c888e-60a9-11e7-a7e0-484d7ee0cd26','3f1790cb-2343-11e7-b36e-c03fd56ee88c','29c8ffa7-5cb4-11e7-a11e-7a791928939c','f4c0c96f-2331-11e7-b36e-c03fd56ee88c','578','529510c6-233d-11e7-b36e-c03fd56ee88c','Individualiste, qui rapporte tout à soi.','Égoïste',NULL,NULL,NULL);
INSERT INTO `question` VALUES ('4c2c8e6b-60a9-11e7-a7e0-484d7ee0cd26','3f1790cb-2343-11e7-b36e-c03fd56ee88c','29c8ffa7-5cb4-11e7-a11e-7a791928939c','f4c0c96f-2331-11e7-b36e-c03fd56ee88c','579','529510c6-233d-11e7-b36e-c03fd56ee88c','Dont le comportement et le caractère sont mystérieux.','Enigmatique',NULL,NULL,NULL);
INSERT INTO `question` VALUES ('4c2c9448-60a9-11e7-a7e0-484d7ee0cd26','3f1790cb-2343-11e7-b36e-c03fd56ee88c','29c8ffa7-5cb4-11e7-a11e-7a791928939c','f4c0c96f-2331-11e7-b36e-c03fd56ee88c','580','529510c6-233d-11e7-b36e-c03fd56ee88c','Personne obstinée, butée.','Entêté',NULL,NULL,NULL);
INSERT INTO `question` VALUES ('4c2c9cf1-60a9-11e7-a7e0-484d7ee0cd26','3f1790cb-2343-11e7-b36e-c03fd56ee88c','29c8ffa7-5cb4-11e7-a11e-7a791928939c','f4c0c96f-2331-11e7-b36e-c03fd56ee88c','581','529510c6-233d-11e7-b36e-c03fd56ee88c','Qui s''impose sans discrétion.','Envahissant',NULL,NULL,NULL);
INSERT INTO `question` VALUES ('4c2ca77e-60a9-11e7-a7e0-484d7ee0cd26','3f1790cb-2343-11e7-b36e-c03fd56ee88c','29c8ffa7-5cb4-11e7-a11e-7a791928939c','f4c0c96f-2331-11e7-b36e-c03fd56ee88c','582','529510c6-233d-11e7-b36e-c03fd56ee88c','Qui manifeste une envie, malveillante ou non, à l''égard de quelqu''un, qui éprouve du dépit à cause de quelque chose ; jaloux','Envieux',NULL,NULL,NULL);
INSERT INTO `question` VALUES ('4c2cb252-60a9-11e7-a7e0-484d7ee0cd26','3f1790cb-2343-11e7-b36e-c03fd56ee88c','29c8ffa7-5cb4-11e7-a11e-7a791928939c','f4c0c96f-2331-11e7-b36e-c03fd56ee88c','583','529510c6-233d-11e7-b36e-c03fd56ee88c','Personne qui agit sans réfléchir ou qui oublie.','Étourdi',NULL,NULL,NULL);
INSERT INTO `question` VALUES ('4c2cba97-60a9-11e7-a7e0-484d7ee0cd26','3f1790cb-2343-11e7-b36e-c03fd56ee88c','29c8ffa7-5cb4-11e7-a11e-7a791928939c','f4c0c96f-2331-11e7-b36e-c03fd56ee88c','584','529510c6-233d-11e7-b36e-c03fd56ee88c','Se dit de quelqu''un dont le comportement, la manière de s''habiller s''écartent de ce qui est habituel dans un milieu, une société.','Excentrique',NULL,NULL,NULL);
INSERT INTO `question` VALUES ('4c2cc28c-60a9-11e7-a7e0-484d7ee0cd26','3f1790cb-2343-11e7-b36e-c03fd56ee88c','29c8ffa7-5cb4-11e7-a11e-7a791928939c','f4c0c96f-2331-11e7-b36e-c03fd56ee88c','585','529510c6-233d-11e7-b36e-c03fd56ee88c','Qui dépasse la mesure normale ou prévue, au-delà des quantités convenables ou nécessaires.','Excessif',NULL,NULL,NULL);
INSERT INTO `question` VALUES ('4c2cc9eb-60a9-11e7-a7e0-484d7ee0cd26','3f1790cb-2343-11e7-b36e-c03fd56ee88c','29c8ffa7-5cb4-11e7-a11e-7a791928939c','f4c0c96f-2331-11e7-b36e-c03fd56ee88c','586','529510c6-233d-11e7-b36e-c03fd56ee88c','Qui ne veut pas travailler ou préfère ne rien faire.','Fainéant',NULL,NULL,NULL);
INSERT INTO `question` VALUES ('4d6d6a8d-5fba-11e7-a7e0-484d7ee0cd26','3c83f63b-2343-11e7-b36e-c03fd56ee88c','6001c111-5cb3-11e7-a11e-7a791928939c','f33bfd80-2331-11e7-b36e-c03fd56ee88c','161','529510c6-233d-11e7-b36e-c03fd56ee88c','Se dit de ce qui accuse, signale comme coupable, comme responsable','Accusateur',NULL,NULL,NULL);
INSERT INTO `question` VALUES ('4d6f026c-5fba-11e7-a7e0-484d7ee0cd26','3c83f63b-2343-11e7-b36e-c03fd56ee88c','6001c111-5cb3-11e7-a11e-7a791928939c','f33bfd80-2331-11e7-b36e-c03fd56ee88c','162','529510c6-233d-11e7-b36e-c03fd56ee88c','Qui manifeste une agressivité blessante, mordante','Acerbe',NULL,NULL,NULL);
INSERT INTO `question` VALUES ('4d6f1018-5fba-11e7-a7e0-484d7ee0cd26','3c83f63b-2343-11e7-b36e-c03fd56ee88c','6001c111-5cb3-11e7-a11e-7a791928939c','f33bfd80-2331-11e7-b36e-c03fd56ee88c','163','529510c6-233d-11e7-b36e-c03fd56ee88c','Qui est naturellement porté à attaquer ; provocateur; belliqueux','Agressif',NULL,NULL,NULL);
INSERT INTO `question` VALUES ('4d6f1cc0-5fba-11e7-a7e0-484d7ee0cd26','3c83f63b-2343-11e7-b36e-c03fd56ee88c','6001c111-5cb3-11e7-a11e-7a791928939c','f33bfd80-2331-11e7-b36e-c03fd56ee88c','164','529510c6-233d-11e7-b36e-c03fd56ee88c','Personne que les déceptions ont rendue amère et irritable.','Aigri',NULL,NULL,NULL);
INSERT INTO `question` VALUES ('4d6f31f7-5fba-11e7-a7e0-484d7ee0cd26','3c83f63b-2343-11e7-b36e-c03fd56ee88c','6001c111-5cb3-11e7-a11e-7a791928939c','f33bfd80-2331-11e7-b36e-c03fd56ee88c','165','529510c6-233d-11e7-b36e-c03fd56ee88c','Qui manque de personnalité, de caractère, d''énergie','Amorphe',NULL,NULL,NULL);
INSERT INTO `question` VALUES ('4de8a223-5fc5-11e7-a7e0-484d7ee0cd26','3c83f63b-2343-11e7-b36e-c03fd56ee88c','6001c111-5cb3-11e7-a11e-7a791928939c','f33bfd80-2331-11e7-b36e-c03fd56ee88c','254','529510c6-233d-11e7-b36e-c03fd56ee88c','Critiquer, dire du mal d''une personne par méchanceté ou légèreté. ','Médisant',NULL,NULL,NULL);
INSERT INTO `question` VALUES ('4deaeb8f-5fc5-11e7-a7e0-484d7ee0cd26','3c83f63b-2343-11e7-b36e-c03fd56ee88c','6001c111-5cb3-11e7-a11e-7a791928939c','f33bfd80-2331-11e7-b36e-c03fd56ee88c','255','529510c6-233d-11e7-b36e-c03fd56ee88c','Se dit de quelqu''un, de son comportement, qui se méfie :','Méfiant',NULL,NULL,NULL);
INSERT INTO `question` VALUES ('4deb01a4-5fc5-11e7-a7e0-484d7ee0cd26','3c83f63b-2343-11e7-b36e-c03fd56ee88c','6001c111-5cb3-11e7-a11e-7a791928939c','f33bfd80-2331-11e7-b36e-c03fd56ee88c','256','529510c6-233d-11e7-b36e-c03fd56ee88c','Qui induit en erreur, ne dit pas la vérité.','Menteur',NULL,NULL,NULL);
INSERT INTO `question` VALUES ('4deb113e-5fc5-11e7-a7e0-484d7ee0cd26','3c83f63b-2343-11e7-b36e-c03fd56ee88c','6001c111-5cb3-11e7-a11e-7a791928939c','f33bfd80-2331-11e7-b36e-c03fd56ee88c','257','529510c6-233d-11e7-b36e-c03fd56ee88c','Qui montre du mépris, sentiment par lequel on juge une personne indigne d''estime, d''intérêt.','Méprisant',NULL,NULL,NULL);
INSERT INTO `question` VALUES ('4deb21e5-5fc5-11e7-a7e0-484d7ee0cd26','3c83f63b-2343-11e7-b36e-c03fd56ee88c','6001c111-5cb3-11e7-a11e-7a791928939c','f33bfd80-2331-11e7-b36e-c03fd56ee88c','258','529510c6-233d-11e7-b36e-c03fd56ee88c','Qui s''attache à ce qui est petit, médiocre, aux détails infimes sans considération de l''ensemble; qui manque de grandeur, d''élévation, de générosité.','Mesquin',NULL,NULL,NULL);
INSERT INTO `question` VALUES ('4deb32d0-5fc5-11e7-a7e0-484d7ee0cd26','3c83f63b-2343-11e7-b36e-c03fd56ee88c','6001c111-5cb3-11e7-a11e-7a791928939c','f33bfd80-2331-11e7-b36e-c03fd56ee88c','259','529510c6-233d-11e7-b36e-c03fd56ee88c','Enclin, porté à la moquerie, à la raillerie; qui a l''habitude de se moquer','Moqueur',NULL,NULL,NULL);
INSERT INTO `question` VALUES ('4deb3d3d-5fc5-11e7-a7e0-484d7ee0cd26','3c83f63b-2343-11e7-b36e-c03fd56ee88c','6001c111-5cb3-11e7-a11e-7a791928939c','f33bfd80-2331-11e7-b36e-c03fd56ee88c','260','529510c6-233d-11e7-b36e-c03fd56ee88c','Qui manque de vigueur.','Mou',NULL,NULL,NULL);
INSERT INTO `question` VALUES ('4deb47e1-5fc5-11e7-a7e0-484d7ee0cd26','3c83f63b-2343-11e7-b36e-c03fd56ee88c','6001c111-5cb3-11e7-a11e-7a791928939c','f33bfd80-2331-11e7-b36e-c03fd56ee88c','261','529510c6-233d-11e7-b36e-c03fd56ee88c','Qui a une tendance pathologique au mensonge et à la fabulation','Mythomane',NULL,NULL,NULL);
INSERT INTO `question` VALUES ('4deb5405-5fc5-11e7-a7e0-484d7ee0cd26','3c83f63b-2343-11e7-b36e-c03fd56ee88c','6001c111-5cb3-11e7-a11e-7a791928939c','f33bfd80-2331-11e7-b36e-c03fd56ee88c','262','529510c6-233d-11e7-b36e-c03fd56ee88c','D''une crédulité excessive.','Naïf',NULL,NULL,NULL);
INSERT INTO `question` VALUES ('4deb608d-5fc5-11e7-a7e0-484d7ee0cd26','3c83f63b-2343-11e7-b36e-c03fd56ee88c','6001c111-5cb3-11e7-a11e-7a791928939c','f33bfd80-2331-11e7-b36e-c03fd56ee88c','263','529510c6-233d-11e7-b36e-c03fd56ee88c','Relatif au narcissisme, à l''admiration de soi-même. Amour excessif porté à l''image de soi.','Narcissique',NULL,NULL,NULL);
INSERT INTO `question` VALUES ('4deb6e23-5fc5-11e7-a7e0-484d7ee0cd26','3c83f63b-2343-11e7-b36e-c03fd56ee88c','6001c111-5cb3-11e7-a11e-7a791928939c','f33bfd80-2331-11e7-b36e-c03fd56ee88c','264','529510c6-233d-11e7-b36e-c03fd56ee88c','Dépourvu de qualités positives, réelles, présentes.','Négatif',NULL,NULL,NULL);
INSERT INTO `question` VALUES ('4deb789d-5fc5-11e7-a7e0-484d7ee0cd26','3c83f63b-2343-11e7-b36e-c03fd56ee88c','6001c111-5cb3-11e7-a11e-7a791928939c','f33bfd80-2331-11e7-b36e-c03fd56ee88c','265','529510c6-233d-11e7-b36e-c03fd56ee88c','Ne pas s''occuper de quelque chose, apporter moins de soin à quelque chose qu''il ne serait nécessaire','Négligeant',NULL,NULL,NULL);
INSERT INTO `question` VALUES ('4deb83aa-5fc5-11e7-a7e0-484d7ee0cd26','3c83f63b-2343-11e7-b36e-c03fd56ee88c','6001c111-5cb3-11e7-a11e-7a791928939c','f33bfd80-2331-11e7-b36e-c03fd56ee88c','266','529510c6-233d-11e7-b36e-c03fd56ee88c','Qui apporte de l’insouciance, un manque de zèle, d’ardeur à tout ce qu’il doit faire','Nonchalant',NULL,NULL,NULL);
INSERT INTO `question` VALUES ('4deb8d4a-5fc5-11e7-a7e0-484d7ee0cd26','3c83f63b-2343-11e7-b36e-c03fd56ee88c','6001c111-5cb3-11e7-a11e-7a791928939c','f33bfd80-2331-11e7-b36e-c03fd56ee88c','267','529510c6-233d-11e7-b36e-c03fd56ee88c','Personne qui persévère dans ses actions sans vouloir rien entendre.','Obstiné',NULL,NULL,NULL);
INSERT INTO `question` VALUES ('4deb9240-5fc5-11e7-a7e0-484d7ee0cd26','3c83f63b-2343-11e7-b36e-c03fd56ee88c','6001c111-5cb3-11e7-a11e-7a791928939c','f33bfd80-2331-11e7-b36e-c03fd56ee88c','268','529510c6-233d-11e7-b36e-c03fd56ee88c','Qui manque de finesse. Borné. ','Obtus',NULL,NULL,NULL);
INSERT INTO `question` VALUES ('4deb969d-5fc5-11e7-a7e0-484d7ee0cd26','3c83f63b-2343-11e7-b36e-c03fd56ee88c','6001c111-5cb3-11e7-a11e-7a791928939c','f33bfd80-2331-11e7-b36e-c03fd56ee88c','269','529510c6-233d-11e7-b36e-c03fd56ee88c','Très désagréable. Déplaisant.','Odieux',NULL,NULL,NULL);
INSERT INTO `question` VALUES ('4deb9be0-5fc5-11e7-a7e0-484d7ee0cd26','3c83f63b-2343-11e7-b36e-c03fd56ee88c','6001c111-5cb3-11e7-a11e-7a791928939c','f33bfd80-2331-11e7-b36e-c03fd56ee88c','270','529510c6-233d-11e7-b36e-c03fd56ee88c','Qui est obstiné dans sa résolution, tenace dans sa volonté','Opiniâtre',NULL,NULL,NULL);
INSERT INTO `question` VALUES ('4deba03c-5fc5-11e7-a7e0-484d7ee0cd26','3c83f63b-2343-11e7-b36e-c03fd56ee88c','6001c111-5cb3-11e7-a11e-7a791928939c','f33bfd80-2331-11e7-b36e-c03fd56ee88c','271','529510c6-233d-11e7-b36e-c03fd56ee88c','Qui a une haute opinion d''elle-même, qui aime se mettre en avant et n''accepte pas de se remettre en question.','Orgueilleux',NULL,NULL,NULL);
INSERT INTO `question` VALUES ('4deba49f-5fc5-11e7-a7e0-484d7ee0cd26','3c83f63b-2343-11e7-b36e-c03fd56ee88c','6001c111-5cb3-11e7-a11e-7a791928939c','f33bfd80-2331-11e7-b36e-c03fd56ee88c','272','529510c6-233d-11e7-b36e-c03fd56ee88c','Qui répugne au travail, à l''effort; qui manifeste habituellement de la paresse physique ou intellectuelle.','Paresseux',NULL,NULL,NULL);
INSERT INTO `question` VALUES ('4deba865-5fc5-11e7-a7e0-484d7ee0cd26','3c83f63b-2343-11e7-b36e-c03fd56ee88c','6001c111-5cb3-11e7-a11e-7a791928939c','f33bfd80-2331-11e7-b36e-c03fd56ee88c','273','529510c6-233d-11e7-b36e-c03fd56ee88c','Qui subit sans agir. Qui n''agit pas.','Passif',NULL,NULL,NULL);
INSERT INTO `question` VALUES ('4e898c03-6091-11e7-a7e0-484d7ee0cd26','3f1790cb-2343-11e7-b36e-c03fd56ee88c','24551cf0-5cb4-11e7-a11e-7a791928939c','f4c0c96f-2331-11e7-b36e-c03fd56ee88c','418','529510c6-233d-11e7-b36e-c03fd56ee88c','Qui participe volontiers à un effort commun','Coopératif',NULL,NULL,NULL);
INSERT INTO `question` VALUES ('4e89a1fa-6091-11e7-a7e0-484d7ee0cd26','3f1790cb-2343-11e7-b36e-c03fd56ee88c','24551cf0-5cb4-11e7-a11e-7a791928939c','f4c0c96f-2331-11e7-b36e-c03fd56ee88c','419','529510c6-233d-11e7-b36e-c03fd56ee88c','Qui a du courage, de la fermeté, de l''ardeur, de l''énergie au travail','Courageux',NULL,NULL,NULL);
INSERT INTO `question` VALUES ('4e89ab7d-6091-11e7-a7e0-484d7ee0cd26','3f1790cb-2343-11e7-b36e-c03fd56ee88c','24551cf0-5cb4-11e7-a11e-7a791928939c','f4c0c96f-2331-11e7-b36e-c03fd56ee88c','420','529510c6-233d-11e7-b36e-c03fd56ee88c','Qui est d''une politesse raffinée, d''une grande correction.','Courtois',NULL,NULL,NULL);
INSERT INTO `question` VALUES ('4e89ba30-6091-11e7-a7e0-484d7ee0cd26','3f1790cb-2343-11e7-b36e-c03fd56ee88c','24551cf0-5cb4-11e7-a11e-7a791928939c','f4c0c96f-2331-11e7-b36e-c03fd56ee88c','421','529510c6-233d-11e7-b36e-c03fd56ee88c','Personne qui est douée de qualités inventives.','Créatif',NULL,NULL,NULL);
INSERT INTO `question` VALUES ('4e89d273-6091-11e7-a7e0-484d7ee0cd26','3f1790cb-2343-11e7-b36e-c03fd56ee88c','24551cf0-5cb4-11e7-a11e-7a791928939c','f4c0c96f-2331-11e7-b36e-c03fd56ee88c','422','529510c6-233d-11e7-b36e-c03fd56ee88c','Qui donne un jugement, une appréciation.','Critique',NULL,NULL,NULL);
INSERT INTO `question` VALUES ('4e89e53f-6091-11e7-a7e0-484d7ee0cd26','3f1790cb-2343-11e7-b36e-c03fd56ee88c','24551cf0-5cb4-11e7-a11e-7a791928939c','f4c0c96f-2331-11e7-b36e-c03fd56ee88c','423','529510c6-233d-11e7-b36e-c03fd56ee88c','Qui a envie de voir, de savoir, dapprendre.','Curieux',NULL,NULL,NULL);
INSERT INTO `question` VALUES ('4e89f98f-6091-11e7-a7e0-484d7ee0cd26','3f1790cb-2343-11e7-b36e-c03fd56ee88c','24551cf0-5cb4-11e7-a11e-7a791928939c','f4c0c96f-2331-11e7-b36e-c03fd56ee88c','424','529510c6-233d-11e7-b36e-c03fd56ee88c','Personne astucieuse, qui sait se débrouiller.','Débrouillard',NULL,NULL,NULL);
INSERT INTO `question` VALUES ('4e8a0c05-6091-11e7-a7e0-484d7ee0cd26','3f1790cb-2343-11e7-b36e-c03fd56ee88c','24551cf0-5cb4-11e7-a11e-7a791928939c','f4c0c96f-2331-11e7-b36e-c03fd56ee88c','425','529510c6-233d-11e7-b36e-c03fd56ee88c','Prendre un parti, déterminer une issue, conduire quelque chose à un résultat définitif.','Décidé',NULL,NULL,NULL);
INSERT INTO `question` VALUES ('4e8a1b05-6091-11e7-a7e0-484d7ee0cd26','3f1790cb-2343-11e7-b36e-c03fd56ee88c','24551cf0-5cb4-11e7-a11e-7a791928939c','f4c0c96f-2331-11e7-b36e-c03fd56ee88c','426','529510c6-233d-11e7-b36e-c03fd56ee88c','Être dépourvu de tout formalisme ; ne pas être guindé','Décontracté',NULL,NULL,NULL);
INSERT INTO `question` VALUES ('4e8a2b65-6091-11e7-a7e0-484d7ee0cd26','3f1790cb-2343-11e7-b36e-c03fd56ee88c','24551cf0-5cb4-11e7-a11e-7a791928939c','f4c0c96f-2331-11e7-b36e-c03fd56ee88c','427','529510c6-233d-11e7-b36e-c03fd56ee88c','Être ferme, décidé, résolu','Déterminé',NULL,NULL,NULL);
INSERT INTO `question` VALUES ('4e8a3475-6091-11e7-a7e0-484d7ee0cd26','3f1790cb-2343-11e7-b36e-c03fd56ee88c','24551cf0-5cb4-11e7-a11e-7a791928939c','f4c0c96f-2331-11e7-b36e-c03fd56ee88c','428','529510c6-233d-11e7-b36e-c03fd56ee88c','Être plein de zèle, ne pas hésiter à rendre service','Dévoué',NULL,NULL,NULL);
INSERT INTO `question` VALUES ('4e8a4abd-6091-11e7-a7e0-484d7ee0cd26','3f1790cb-2343-11e7-b36e-c03fd56ee88c','24551cf0-5cb4-11e7-a11e-7a791928939c','f4c0c96f-2331-11e7-b36e-c03fd56ee88c','429','529510c6-233d-11e7-b36e-c03fd56ee88c','Qui, pour ses qualités, ses actes, mérite quelque chose, appelle telle attitude, telle action','Digne de confiance',NULL,NULL,NULL);
INSERT INTO `question` VALUES ('4e8a5a6d-6091-11e7-a7e0-484d7ee0cd26','3f1790cb-2343-11e7-b36e-c03fd56ee88c','24551cf0-5cb4-11e7-a11e-7a791928939c','f4c0c96f-2331-11e7-b36e-c03fd56ee88c','430','529510c6-233d-11e7-b36e-c03fd56ee88c','Qui est fin, adroit, habile à négocier, à conduire une affaire','Diplomate',NULL,NULL,NULL);
INSERT INTO `question` VALUES ('4e8a6920-6091-11e7-a7e0-484d7ee0cd26','3f1790cb-2343-11e7-b36e-c03fd56ee88c','24551cf0-5cb4-11e7-a11e-7a791928939c','f4c0c96f-2331-11e7-b36e-c03fd56ee88c','431','529510c6-233d-11e7-b36e-c03fd56ee88c','Qui est franc, sans détour, net','Direct',NULL,NULL,NULL);
INSERT INTO `question` VALUES ('4e8a765f-6091-11e7-a7e0-484d7ee0cd26','3f1790cb-2343-11e7-b36e-c03fd56ee88c','24551cf0-5cb4-11e7-a11e-7a791928939c','f4c0c96f-2331-11e7-b36e-c03fd56ee88c','432','529510c6-233d-11e7-b36e-c03fd56ee88c','Qui obéit aux règles.','Discipliné',NULL,NULL,NULL);
INSERT INTO `question` VALUES ('4e8a83de-6091-11e7-a7e0-484d7ee0cd26','3f1790cb-2343-11e7-b36e-c03fd56ee88c','24551cf0-5cb4-11e7-a11e-7a791928939c','f4c0c96f-2331-11e7-b36e-c03fd56ee88c','433','529510c6-233d-11e7-b36e-c03fd56ee88c','Réservé, qui fait preuve de retenue.','Discret',NULL,NULL,NULL);
INSERT INTO `question` VALUES ('4e8a8bea-6091-11e7-a7e0-484d7ee0cd26','3f1790cb-2343-11e7-b36e-c03fd56ee88c','24551cf0-5cb4-11e7-a11e-7a791928939c','f4c0c96f-2331-11e7-b36e-c03fd56ee88c','434','529510c6-233d-11e7-b36e-c03fd56ee88c','Qui est accueillant aux idées les plus diverses','Disponible',NULL,NULL,NULL);
INSERT INTO `question` VALUES ('4e8a9013-6091-11e7-a7e0-484d7ee0cd26','3f1790cb-2343-11e7-b36e-c03fd56ee88c','24551cf0-5cb4-11e7-a11e-7a791928939c','f4c0c96f-2331-11e7-b36e-c03fd56ee88c','435','529510c6-233d-11e7-b36e-c03fd56ee88c','Qui est sans violence, sans agressivité, sans méchanceté','Doux',NULL,NULL,NULL);
INSERT INTO `question` VALUES ('4e8a94f6-6091-11e7-a7e0-484d7ee0cd26','3f1790cb-2343-11e7-b36e-c03fd56ee88c','24551cf0-5cb4-11e7-a11e-7a791928939c','f4c0c96f-2331-11e7-b36e-c03fd56ee88c','436','529510c6-233d-11e7-b36e-c03fd56ee88c','Franc, honnête','Droit',NULL,NULL,NULL);
INSERT INTO `question` VALUES ('4e8a9a96-6091-11e7-a7e0-484d7ee0cd26','3f1790cb-2343-11e7-b36e-c03fd56ee88c','24551cf0-5cb4-11e7-a11e-7a791928939c','f4c0c96f-2331-11e7-b36e-c03fd56ee88c','437','529510c6-233d-11e7-b36e-c03fd56ee88c','Qui provoque le rire, intentionnellement ou non ; plaisant, comique','Drôle',NULL,NULL,NULL);
INSERT INTO `question` VALUES ('4e8a9e7c-6091-11e7-a7e0-484d7ee0cd26','3f1790cb-2343-11e7-b36e-c03fd56ee88c','24551cf0-5cb4-11e7-a11e-7a791928939c','f4c0c96f-2331-11e7-b36e-c03fd56ee88c','438','529510c6-233d-11e7-b36e-c03fd56ee88c','Qui manifeste de l''énergie et de l''efficacité ; actif, énergique','Dynamique',NULL,NULL,NULL);
INSERT INTO `question` VALUES ('4e8aa379-6091-11e7-a7e0-484d7ee0cd26','3f1790cb-2343-11e7-b36e-c03fd56ee88c','24551cf0-5cb4-11e7-a11e-7a791928939c','f4c0c96f-2331-11e7-b36e-c03fd56ee88c','439','529510c6-233d-11e7-b36e-c03fd56ee88c','Qui ménage quelque chose, en est peu prodigue','Économe',NULL,NULL,NULL);
INSERT INTO `question` VALUES ('4e8aa87f-6091-11e7-a7e0-484d7ee0cd26','3f1790cb-2343-11e7-b36e-c03fd56ee88c','24551cf0-5cb4-11e7-a11e-7a791928939c','f4c0c96f-2331-11e7-b36e-c03fd56ee88c','440','529510c6-233d-11e7-b36e-c03fd56ee88c','Personne dont l''action aboutit à des résultats performants.','Efficace',NULL,NULL,NULL);
INSERT INTO `question` VALUES ('4e8aad9c-6091-11e7-a7e0-484d7ee0cd26','3f1790cb-2343-11e7-b36e-c03fd56ee88c','24551cf0-5cb4-11e7-a11e-7a791928939c','f4c0c96f-2331-11e7-b36e-c03fd56ee88c','441','529510c6-233d-11e7-b36e-c03fd56ee88c','Qui impressionne vivement, qui est expressif, significatif ','Éloquent',NULL,NULL,NULL);
INSERT INTO `question` VALUES ('4e8ab68e-6091-11e7-a7e0-484d7ee0cd26','3f1790cb-2343-11e7-b36e-c03fd56ee88c','24551cf0-5cb4-11e7-a11e-7a791928939c','f4c0c96f-2331-11e7-b36e-c03fd56ee88c','442','529510c6-233d-11e7-b36e-c03fd56ee88c','Qui provoque une vive émotion, qui touche, bouleverse :','Émouvant',NULL,NULL,NULL);
INSERT INTO `question` VALUES ('4e8abb82-6091-11e7-a7e0-484d7ee0cd26','3f1790cb-2343-11e7-b36e-c03fd56ee88c','24551cf0-5cb4-11e7-a11e-7a791928939c','f4c0c96f-2331-11e7-b36e-c03fd56ee88c','443','529510c6-233d-11e7-b36e-c03fd56ee88c','Capacité de ressentir les émotions de quelqu''un d''autre, d''arriver à se mettre à la place d''autrui.','Empathique',NULL,NULL,NULL);
INSERT INTO `question` VALUES ('4e8ac051-6091-11e7-a7e0-484d7ee0cd26','3f1790cb-2343-11e7-b36e-c03fd56ee88c','24551cf0-5cb4-11e7-a11e-7a791928939c','f4c0c96f-2331-11e7-b36e-c03fd56ee88c','444','529510c6-233d-11e7-b36e-c03fd56ee88c','Qui encourage, qui incite à persévérer; qui apporte un soutien','Encourageant',NULL,NULL,NULL);
INSERT INTO `question` VALUES ('4e8ac3f4-6091-11e7-a7e0-484d7ee0cd26','3f1790cb-2343-11e7-b36e-c03fd56ee88c','24551cf0-5cb4-11e7-a11e-7a791928939c','f4c0c96f-2331-11e7-b36e-c03fd56ee88c','445','529510c6-233d-11e7-b36e-c03fd56ee88c','Qui est capable d''endurer avec patience, qui garde son calme','Endurant',NULL,NULL,NULL);
INSERT INTO `question` VALUES ('4e8e3ccf-6091-11e7-a7e0-484d7ee0cd26','3f1790cb-2343-11e7-b36e-c03fd56ee88c','24551cf0-5cb4-11e7-a11e-7a791928939c','f4c0c96f-2331-11e7-b36e-c03fd56ee88c','446','529510c6-233d-11e7-b36e-c03fd56ee88c','Qui a de l''énergie, qui manifeste de l''entrain','Energique',NULL,NULL,NULL);
INSERT INTO `question` VALUES ('4e8e4da4-6091-11e7-a7e0-484d7ee0cd26','3f1790cb-2343-11e7-b36e-c03fd56ee88c','24551cf0-5cb4-11e7-a11e-7a791928939c','f4c0c96f-2331-11e7-b36e-c03fd56ee88c','447','529510c6-233d-11e7-b36e-c03fd56ee88c','Qui prend position pour des problèmes politiques ou sociaux.','Engagé',NULL,NULL,NULL);
INSERT INTO `question` VALUES ('4e8e5c90-6091-11e7-a7e0-484d7ee0cd26','3f1790cb-2343-11e7-b36e-c03fd56ee88c','24551cf0-5cb4-11e7-a11e-7a791928939c','f4c0c96f-2331-11e7-b36e-c03fd56ee88c','448','529510c6-233d-11e7-b36e-c03fd56ee88c','Qui ressent et exprime une joie sincère et spontanée à la pensée de ou à l''idée d''accomplir quelque chose.','Enthousiaste',NULL,NULL,NULL);
INSERT INTO `question` VALUES ('4e8e6b84-6091-11e7-a7e0-484d7ee0cd26','3f1790cb-2343-11e7-b36e-c03fd56ee88c','24551cf0-5cb4-11e7-a11e-7a791928939c','f4c0c96f-2331-11e7-b36e-c03fd56ee88c','449','529510c6-233d-11e7-b36e-c03fd56ee88c','Dynamique, actif, hardi à entreprendre','Entreprenant',NULL,NULL,NULL);
INSERT INTO `question` VALUES ('4e8e7a50-6091-11e7-a7e0-484d7ee0cd26','3f1790cb-2343-11e7-b36e-c03fd56ee88c','24551cf0-5cb4-11e7-a11e-7a791928939c','f4c0c96f-2331-11e7-b36e-c03fd56ee88c','450','529510c6-233d-11e7-b36e-c03fd56ee88c','être bien dans sa peau, dans son corps','Épanoui',NULL,NULL,NULL);
INSERT INTO `question` VALUES ('4e8e8937-6091-11e7-a7e0-484d7ee0cd26','3f1790cb-2343-11e7-b36e-c03fd56ee88c','24551cf0-5cb4-11e7-a11e-7a791928939c','f4c0c96f-2331-11e7-b36e-c03fd56ee88c','451','529510c6-233d-11e7-b36e-c03fd56ee88c','qui a le sens de l''honneur, qui se comporte avec loyauté, noblesse, générosité, sachant inspirer confiance','Galant',NULL,NULL,NULL);
INSERT INTO `question` VALUES ('4e8e99a4-6091-11e7-a7e0-484d7ee0cd26','3f1790cb-2343-11e7-b36e-c03fd56ee88c','24551cf0-5cb4-11e7-a11e-7a791928939c','f4c0c96f-2331-11e7-b36e-c03fd56ee88c','452','529510c6-233d-11e7-b36e-c03fd56ee88c','Qui fait preuve d''humilité, de modestie','Humble',NULL,NULL,NULL);
INSERT INTO `question` VALUES ('4e8ea488-6091-11e7-a7e0-484d7ee0cd26','3f1790cb-2343-11e7-b36e-c03fd56ee88c','24551cf0-5cb4-11e7-a11e-7a791928939c','f4c0c96f-2331-11e7-b36e-c03fd56ee88c','453','529510c6-233d-11e7-b36e-c03fd56ee88c','Qui est drôle, amusant.','Humoristique',NULL,NULL,NULL);
INSERT INTO `question` VALUES ('4e8eaff9-6091-11e7-a7e0-484d7ee0cd26','3f1790cb-2343-11e7-b36e-c03fd56ee88c','24551cf0-5cb4-11e7-a11e-7a791928939c','f4c0c96f-2331-11e7-b36e-c03fd56ee88c','454','529510c6-233d-11e7-b36e-c03fd56ee88c','Mettre beaucoup de soi-même dans ce qu''on fait ','impliqué',NULL,NULL,NULL);
INSERT INTO `question` VALUES ('4e8ebcce-6091-11e7-a7e0-484d7ee0cd26','3f1790cb-2343-11e7-b36e-c03fd56ee88c','24551cf0-5cb4-11e7-a11e-7a791928939c','f4c0c96f-2331-11e7-b36e-c03fd56ee88c','455','529510c6-233d-11e7-b36e-c03fd56ee88c','Qui pardonne aisément les fautes','Indulgent',NULL,NULL,NULL);
INSERT INTO `question` VALUES ('4e8ec8ac-6091-11e7-a7e0-484d7ee0cd26','3f1790cb-2343-11e7-b36e-c03fd56ee88c','24551cf0-5cb4-11e7-a11e-7a791928939c','f4c0c96f-2331-11e7-b36e-c03fd56ee88c','456','529510c6-233d-11e7-b36e-c03fd56ee88c','Que rien ne peut lasser ou décourager, qui semble insensible à la fatigue.','Infatigable',NULL,NULL,NULL);
INSERT INTO `question` VALUES ('4e8ecfd1-6091-11e7-a7e0-484d7ee0cd26','3f1790cb-2343-11e7-b36e-c03fd56ee88c','24551cf0-5cb4-11e7-a11e-7a791928939c','f4c0c96f-2331-11e7-b36e-c03fd56ee88c','457','529510c6-233d-11e7-b36e-c03fd56ee88c','Qui a du crédit, du prestige','Influent',NULL,NULL,NULL);
INSERT INTO `question` VALUES ('4e8ed83c-6091-11e7-a7e0-484d7ee0cd26','3f1790cb-2343-11e7-b36e-c03fd56ee88c','24551cf0-5cb4-11e7-a11e-7a791928939c','f4c0c96f-2331-11e7-b36e-c03fd56ee88c','458','529510c6-233d-11e7-b36e-c03fd56ee88c','Qui possède un esprit inventif, qui trouve aisément des solutions appropriées à une situation quelconque','Ingénieux',NULL,NULL,NULL);
INSERT INTO `question` VALUES ('4e8ee6df-6091-11e7-a7e0-484d7ee0cd26','3f1790cb-2343-11e7-b36e-c03fd56ee88c','24551cf0-5cb4-11e7-a11e-7a791928939c','f4c0c96f-2331-11e7-b36e-c03fd56ee88c','459','529510c6-233d-11e7-b36e-c03fd56ee88c','D''une grande honnêteté.','Intègre',NULL,NULL,NULL);
INSERT INTO `question` VALUES ('4e8ef351-6091-11e7-a7e0-484d7ee0cd26','3f1790cb-2343-11e7-b36e-c03fd56ee88c','24551cf0-5cb4-11e7-a11e-7a791928939c','f4c0c96f-2331-11e7-b36e-c03fd56ee88c','460','529510c6-233d-11e7-b36e-c03fd56ee88c','Qui fait preuve de discernement, de jugement, de bon sens ','Intelligent',NULL,NULL,NULL);
INSERT INTO `question` VALUES ('52bd64ab-5fb9-11e7-a7e0-484d7ee0cd26','3c83f63b-2343-11e7-b36e-c03fd56ee88c','91c2ee2e-5c94-11e7-a11e-7a791928939c','f33bfd80-2331-11e7-b36e-c03fd56ee88c','151','529510c6-233d-11e7-b36e-c03fd56ee88c','Qui apporte du soin et de l''attention à ce qu''il fait.','Soigneux',NULL,NULL,NULL);
INSERT INTO `question` VALUES ('52be634e-5fb9-11e7-a7e0-484d7ee0cd26','3c83f63b-2343-11e7-b36e-c03fd56ee88c','91c2ee2e-5c94-11e7-a11e-7a791928939c','f33bfd80-2331-11e7-b36e-c03fd56ee88c','152','529510c6-233d-11e7-b36e-c03fd56ee88c','Qui manifeste sa joie, sa bonne humeur, son amabilité par un sourire','Souriant',NULL,NULL,NULL);
INSERT INTO `question` VALUES ('52be74a3-5fb9-11e7-a7e0-484d7ee0cd26','3c83f63b-2343-11e7-b36e-c03fd56ee88c','91c2ee2e-5c94-11e7-a11e-7a791928939c','f33bfd80-2331-11e7-b36e-c03fd56ee88c','153','529510c6-233d-11e7-b36e-c03fd56ee88c','Se dit de quelqu''un dont la conduite est marquée par la constance, la permanence','Stable',NULL,NULL,NULL);
INSERT INTO `question` VALUES ('52be853a-5fb9-11e7-a7e0-484d7ee0cd26','3c83f63b-2343-11e7-b36e-c03fd56ee88c','91c2ee2e-5c94-11e7-a11e-7a791928939c','f33bfd80-2331-11e7-b36e-c03fd56ee88c','154','529510c6-233d-11e7-b36e-c03fd56ee88c','Qui est de nature à redonner de l''énergie, du courage à quelqu''un, à soutenir sa volonté','Stimulant',NULL,NULL,NULL);
INSERT INTO `question` VALUES ('52be94a4-5fb9-11e7-a7e0-484d7ee0cd26','3c83f63b-2343-11e7-b36e-c03fd56ee88c','91c2ee2e-5c94-11e7-a11e-7a791928939c','f33bfd80-2331-11e7-b36e-c03fd56ee88c','155','529510c6-233d-11e7-b36e-c03fd56ee88c','Qui conçoit avec compétence, habileté la manière de mener une action pour qu''elle porte au mieux ses fruits','Stratège',NULL,NULL,NULL);
INSERT INTO `question` VALUES ('52bea45b-5fb9-11e7-a7e0-484d7ee0cd26','3c83f63b-2343-11e7-b36e-c03fd56ee88c','91c2ee2e-5c94-11e7-a11e-7a791928939c','f33bfd80-2331-11e7-b36e-c03fd56ee88c','156','529510c6-233d-11e7-b36e-c03fd56ee88c','Personne en qui on peut avoir confiance, sur qui on peut compter,','Sûr de soi',NULL,NULL,NULL);
INSERT INTO `question` VALUES ('52beb12d-5fb9-11e7-a7e0-484d7ee0cd26','3c83f63b-2343-11e7-b36e-c03fd56ee88c','91c2ee2e-5c94-11e7-a11e-7a791928939c','f33bfd80-2331-11e7-b36e-c03fd56ee88c','157','529510c6-233d-11e7-b36e-c03fd56ee88c','Qui inspire un sentiment de sympathie, d''amitié ','Sympathique',NULL,NULL,NULL);
INSERT INTO `question` VALUES ('52bebdef-5fb9-11e7-a7e0-484d7ee0cd26','3c83f63b-2343-11e7-b36e-c03fd56ee88c','91c2ee2e-5c94-11e7-a11e-7a791928939c','f33bfd80-2331-11e7-b36e-c03fd56ee88c','158','529510c6-233d-11e7-b36e-c03fd56ee88c','Qui est très attaché à ses idées, qui poursuit avec opiniâtreté ses desseins','Tenace',NULL,NULL,NULL);
INSERT INTO `question` VALUES ('52becc5e-5fb9-11e7-a7e0-484d7ee0cd26','3c83f63b-2343-11e7-b36e-c03fd56ee88c','91c2ee2e-5c94-11e7-a11e-7a791928939c','f33bfd80-2331-11e7-b36e-c03fd56ee88c','159','529510c6-233d-11e7-b36e-c03fd56ee88c','Qui admet chez les autres des manières de penser et de vivre différentes des siennes propres.','Tolérant',NULL,NULL,NULL);
INSERT INTO `question` VALUES ('52bed9ad-5fb9-11e7-a7e0-484d7ee0cd26','3c83f63b-2343-11e7-b36e-c03fd56ee88c','91c2ee2e-5c94-11e7-a11e-7a791928939c','f33bfd80-2331-11e7-b36e-c03fd56ee88c','160','529510c6-233d-11e7-b36e-c03fd56ee88c','Qui a un comportement paisible','Tranquille',NULL,NULL,NULL);
INSERT INTO `question` VALUES ('54851cf4-5d5f-11e7-a7e0-484d7ee0cd26','3c83f63b-2343-11e7-b36e-c03fd56ee88c','91c2ee2e-5c94-11e7-a11e-7a791928939c','f33bfd80-2331-11e7-b36e-c03fd56ee88c','5','529510c6-233d-11e7-b36e-c03fd56ee88c','Qui montre beaucoup d''affection','Affectueux',NULL,NULL,NULL);
INSERT INTO `question` VALUES ('570d78b8-5fc2-11e7-a7e0-484d7ee0cd26','3c83f63b-2343-11e7-b36e-c03fd56ee88c','6001c111-5cb3-11e7-a11e-7a791928939c','f33bfd80-2331-11e7-b36e-c03fd56ee88c','229','529510c6-233d-11e7-b36e-c03fd56ee88c','Diffile à aborder, à comprendre. ','Inaccessible',NULL,NULL,NULL);
INSERT INTO `question` VALUES ('5710065d-5fc2-11e7-a7e0-484d7ee0cd26','3c83f63b-2343-11e7-b36e-c03fd56ee88c','6001c111-5cb3-11e7-a11e-7a791928939c','f33bfd80-2331-11e7-b36e-c03fd56ee88c','230','529510c6-233d-11e7-b36e-c03fd56ee88c','Qui témoigne d''un manque d''attention. Distrait. ','Inattentif',NULL,NULL,NULL);
INSERT INTO `question` VALUES ('6c3bc482-5d60-11e7-a7e0-484d7ee0cd26','3c83f63b-2343-11e7-b36e-c03fd56ee88c','91c2ee2e-5c94-11e7-a11e-7a791928939c','f33bfd80-2331-11e7-b36e-c03fd56ee88c','13','529510c6-233d-11e7-b36e-c03fd56ee88c','Qui cultive ou maîtrise un art, un savoir, une technique, et dont on remarque entre autres la créativité, la poésie, l''originalité de sa production, de ses actes, de ses gestes.','Artiste',NULL,NULL,NULL);
INSERT INTO `question` VALUES ('6e34229f-5fdc-11e7-a7e0-484d7ee0cd26','3c83f63b-2343-11e7-b36e-c03fd56ee88c','63d7a2a1-5cb3-11e7-a11e-7a791928939c','f33bfd80-2331-11e7-b36e-c03fd56ee88c','314','cb729134-233d-11e7-b36e-c03fd56ee88c','Quel élément lui correspond le mieux ?',NULL,NULL,NULL,NULL);
INSERT INTO `question` VALUES ('76a4470d-5fc7-11e7-a7e0-484d7ee0cd26','3c83f63b-2343-11e7-b36e-c03fd56ee88c','6001c111-5cb3-11e7-a11e-7a791928939c','f33bfd80-2331-11e7-b36e-c03fd56ee88c','288','529510c6-233d-11e7-b36e-c03fd56ee88c','Qui se plaint souvent.','Râleur',NULL,NULL,NULL);
INSERT INTO `question` VALUES ('76a45b1d-5fc7-11e7-a7e0-484d7ee0cd26','3c83f63b-2343-11e7-b36e-c03fd56ee88c','6001c111-5cb3-11e7-a11e-7a791928939c','f33bfd80-2331-11e7-b36e-c03fd56ee88c','289','529510c6-233d-11e7-b36e-c03fd56ee88c','Qui n''oublie pas les offenses ou les injustices subies. Enclin à la rancoeur, incapable de pardonner ','Rancunier',NULL,NULL,NULL);
INSERT INTO `question` VALUES ('76a46a13-5fc7-11e7-a7e0-484d7ee0cd26','3c83f63b-2343-11e7-b36e-c03fd56ee88c','6001c111-5cb3-11e7-a11e-7a791928939c','f33bfd80-2331-11e7-b36e-c03fd56ee88c','290','529510c6-233d-11e7-b36e-c03fd56ee88c','Peu communicatif. Se replier sur soi-même, ne rien exprimer de ses sentiments, de ses pensées','Renfermé',NULL,NULL,NULL);
INSERT INTO `question` VALUES ('76a478e3-5fc7-11e7-a7e0-484d7ee0cd26','3c83f63b-2343-11e7-b36e-c03fd56ee88c','6001c111-5cb3-11e7-a11e-7a791928939c','f33bfd80-2331-11e7-b36e-c03fd56ee88c','291','529510c6-233d-11e7-b36e-c03fd56ee88c','Timide, discret.','Réservé',NULL,NULL,NULL);
INSERT INTO `question` VALUES ('76a4874c-5fc7-11e7-a7e0-484d7ee0cd26','3c83f63b-2343-11e7-b36e-c03fd56ee88c','6001c111-5cb3-11e7-a11e-7a791928939c','f33bfd80-2331-11e7-b36e-c03fd56ee88c','292','529510c6-233d-11e7-b36e-c03fd56ee88c','Qui adopte, devant certains événements pénibles, désagréables, une attitude de soumission, d''acceptation.','Résigné',NULL,NULL,NULL);
INSERT INTO `question` VALUES ('76a4953b-5fc7-11e7-a7e0-484d7ee0cd26','3c83f63b-2343-11e7-b36e-c03fd56ee88c','6001c111-5cb3-11e7-a11e-7a791928939c','f33bfd80-2331-11e7-b36e-c03fd56ee88c','293','529510c6-233d-11e7-b36e-c03fd56ee88c','Qui est animé d''un esprit de revanche.','Revanchard',NULL,NULL,NULL);
INSERT INTO `question` VALUES ('76a4a294-5fc7-11e7-a7e0-484d7ee0cd26','3c83f63b-2343-11e7-b36e-c03fd56ee88c','6001c111-5cb3-11e7-a11e-7a791928939c','f33bfd80-2331-11e7-b36e-c03fd56ee88c','294','529510c6-233d-11e7-b36e-c03fd56ee88c','Qui manifeste une grande intransigeance, qui applique à la lettre des règles, des normes','Rigide',NULL,NULL,NULL);
INSERT INTO `question` VALUES ('76a4aec2-5fc7-11e7-a7e0-484d7ee0cd26','3c83f63b-2343-11e7-b36e-c03fd56ee88c','6001c111-5cb3-11e7-a11e-7a791928939c','f33bfd80-2331-11e7-b36e-c03fd56ee88c','295','529510c6-233d-11e7-b36e-c03fd56ee88c','Qui est marqué par la routine, par l''absence d''esprit de nouveauté et d''initiative.','Routinier',NULL,NULL,NULL);
INSERT INTO `question` VALUES ('76a4bac7-5fc7-11e7-a7e0-484d7ee0cd26','3c83f63b-2343-11e7-b36e-c03fd56ee88c','6001c111-5cb3-11e7-a11e-7a791928939c','f33bfd80-2331-11e7-b36e-c03fd56ee88c','296','529510c6-233d-11e7-b36e-c03fd56ee88c','Personne qui ne se préoccupe que d''elle-même, qui agit à sa guise où qu''elle soit. ','Sans gêne',NULL,NULL,NULL);
INSERT INTO `question` VALUES ('76a4c6a5-5fc7-11e7-a7e0-484d7ee0cd26','3c83f63b-2343-11e7-b36e-c03fd56ee88c','6001c111-5cb3-11e7-a11e-7a791928939c','f33bfd80-2331-11e7-b36e-c03fd56ee88c','297','529510c6-233d-11e7-b36e-c03fd56ee88c','Qui manifeste une ironie méchante, acerbe','Sarcastique',NULL,NULL,NULL);
INSERT INTO `question` VALUES ('76a4d26c-5fc7-11e7-a7e0-484d7ee0cd26','3c83f63b-2343-11e7-b36e-c03fd56ee88c','6001c111-5cb3-11e7-a11e-7a791928939c','f33bfd80-2331-11e7-b36e-c03fd56ee88c','298','529510c6-233d-11e7-b36e-c03fd56ee88c','Qui ne se dévoile pas.','Secret',NULL,NULL,NULL);
INSERT INTO `question` VALUES ('76a4d940-5fc7-11e7-a7e0-484d7ee0cd26','3c83f63b-2343-11e7-b36e-c03fd56ee88c','6001c111-5cb3-11e7-a11e-7a791928939c','f33bfd80-2331-11e7-b36e-c03fd56ee88c','299','529510c6-233d-11e7-b36e-c03fd56ee88c','Qui peut réagir à certains facteurs extérieurs.','Sensible',NULL,NULL,NULL);
INSERT INTO `question` VALUES ('76a4dd09-5fc7-11e7-a7e0-484d7ee0cd26','3c83f63b-2343-11e7-b36e-c03fd56ee88c','6001c111-5cb3-11e7-a11e-7a791928939c','f33bfd80-2331-11e7-b36e-c03fd56ee88c','300','529510c6-233d-11e7-b36e-c03fd56ee88c','Dont le comportement, les pensées, le caractère manifestent de la gravité, du pessimisme, une inquiétude','Sombre',NULL,NULL,NULL);
INSERT INTO `question` VALUES ('76a4e0b8-5fc7-11e7-a7e0-484d7ee0cd26','3c83f63b-2343-11e7-b36e-c03fd56ee88c','6001c111-5cb3-11e7-a11e-7a791928939c','f33bfd80-2331-11e7-b36e-c03fd56ee88c','301','529510c6-233d-11e7-b36e-c03fd56ee88c','Méfiant, défiant, enclin aux soupçons.','Soupçonneux',NULL,NULL,NULL);
INSERT INTO `question` VALUES ('76a8d845-5fc7-11e7-a7e0-484d7ee0cd26','3c83f63b-2343-11e7-b36e-c03fd56ee88c','6001c111-5cb3-11e7-a11e-7a791928939c','f33bfd80-2331-11e7-b36e-c03fd56ee88c','302','529510c6-233d-11e7-b36e-c03fd56ee88c','Qui dissimule ses sentiments, ses intentions véritables, le plus souvent malveillants.','Sournois',NULL,NULL,NULL);
INSERT INTO `question` VALUES ('76a8eb98-5fc7-11e7-a7e0-484d7ee0cd26','3c83f63b-2343-11e7-b36e-c03fd56ee88c','6001c111-5cb3-11e7-a11e-7a791928939c','f33bfd80-2331-11e7-b36e-c03fd56ee88c','303','529510c6-233d-11e7-b36e-c03fd56ee88c','Être tendu, angoissé; s''inquiéter.','Stressé',NULL,NULL,NULL);
INSERT INTO `question` VALUES ('78bb1746-5fdf-11e7-a7e0-484d7ee0cd26','3c83f63b-2343-11e7-b36e-c03fd56ee88c','c7953035-5cb3-11e7-a11e-7a791928939c','f33bfd80-2331-11e7-b36e-c03fd56ee88c','345','7de83d99-5cb0-11e7-a11e-7a791928939c','Quelle saison est-il (elle) ?',NULL,NULL,NULL,NULL);
INSERT INTO `question` VALUES ('7d5def12-5fc1-11e7-a7e0-484d7ee0cd26','3c83f63b-2343-11e7-b36e-c03fd56ee88c','6001c111-5cb3-11e7-a11e-7a791928939c','f33bfd80-2331-11e7-b36e-c03fd56ee88c','208','529510c6-233d-11e7-b36e-c03fd56ee88c','Individualiste, qui rapporte tout à soi.','Égoïste',NULL,NULL,NULL);
INSERT INTO `question` VALUES ('7d61e5de-5fc1-11e7-a7e0-484d7ee0cd26','3c83f63b-2343-11e7-b36e-c03fd56ee88c','6001c111-5cb3-11e7-a11e-7a791928939c','f33bfd80-2331-11e7-b36e-c03fd56ee88c','209','529510c6-233d-11e7-b36e-c03fd56ee88c','Dont le comportement et le caractère sont mystérieux.','Enigmatique',NULL,NULL,NULL);
INSERT INTO `question` VALUES ('7d658a6f-5fc1-11e7-a7e0-484d7ee0cd26','3c83f63b-2343-11e7-b36e-c03fd56ee88c','6001c111-5cb3-11e7-a11e-7a791928939c','f33bfd80-2331-11e7-b36e-c03fd56ee88c','210','529510c6-233d-11e7-b36e-c03fd56ee88c','Personne obstinée, butée.','Entêté',NULL,NULL,NULL);
INSERT INTO `question` VALUES ('7d6597c1-5fc1-11e7-a7e0-484d7ee0cd26','3c83f63b-2343-11e7-b36e-c03fd56ee88c','6001c111-5cb3-11e7-a11e-7a791928939c','f33bfd80-2331-11e7-b36e-c03fd56ee88c','211','529510c6-233d-11e7-b36e-c03fd56ee88c','Qui s''impose sans discrétion.','Envahissant',NULL,NULL,NULL);
INSERT INTO `question` VALUES ('7d65a4ed-5fc1-11e7-a7e0-484d7ee0cd26','3c83f63b-2343-11e7-b36e-c03fd56ee88c','6001c111-5cb3-11e7-a11e-7a791928939c','f33bfd80-2331-11e7-b36e-c03fd56ee88c','212','529510c6-233d-11e7-b36e-c03fd56ee88c','Qui manifeste une envie, malveillante ou non, à l''égard de quelqu''un, qui éprouve du dépit à cause de quelque chose ; jaloux','Envieux',NULL,NULL,NULL);
INSERT INTO `question` VALUES ('7d65b1e2-5fc1-11e7-a7e0-484d7ee0cd26','3c83f63b-2343-11e7-b36e-c03fd56ee88c','6001c111-5cb3-11e7-a11e-7a791928939c','f33bfd80-2331-11e7-b36e-c03fd56ee88c','213','529510c6-233d-11e7-b36e-c03fd56ee88c','Personne qui agit sans réfléchir ou qui oublie.','Étourdi',NULL,NULL,NULL);
INSERT INTO `question` VALUES ('7d65bf21-5fc1-11e7-a7e0-484d7ee0cd26','3c83f63b-2343-11e7-b36e-c03fd56ee88c','6001c111-5cb3-11e7-a11e-7a791928939c','f33bfd80-2331-11e7-b36e-c03fd56ee88c','214','529510c6-233d-11e7-b36e-c03fd56ee88c','Se dit de quelqu''un dont le comportement, la manière de s''habiller s''écartent de ce qui est habituel dans un milieu, une société.','Excentrique',NULL,NULL,NULL);
INSERT INTO `question` VALUES ('7d65c9e8-5fc1-11e7-a7e0-484d7ee0cd26','3c83f63b-2343-11e7-b36e-c03fd56ee88c','6001c111-5cb3-11e7-a11e-7a791928939c','f33bfd80-2331-11e7-b36e-c03fd56ee88c','215','529510c6-233d-11e7-b36e-c03fd56ee88c',' Qui dépasse la mesure normale ou prévue, au-delà des quantités convenables ou nécessaires. ','Excessif',NULL,NULL,NULL);
INSERT INTO `question` VALUES ('7d65d98e-5fc1-11e7-a7e0-484d7ee0cd26','3c83f63b-2343-11e7-b36e-c03fd56ee88c','6001c111-5cb3-11e7-a11e-7a791928939c','f33bfd80-2331-11e7-b36e-c03fd56ee88c','216','529510c6-233d-11e7-b36e-c03fd56ee88c','Qui ne veut pas travailler ou préfère ne rien faire. ','Fainéant',NULL,NULL,NULL);
INSERT INTO `question` VALUES ('7d65e325-5fc1-11e7-a7e0-484d7ee0cd26','3c83f63b-2343-11e7-b36e-c03fd56ee88c','6001c111-5cb3-11e7-a11e-7a791928939c','f33bfd80-2331-11e7-b36e-c03fd56ee88c','217','529510c6-233d-11e7-b36e-c03fd56ee88c','Qui a des façons trop libres. ','Familier',NULL,NULL,NULL);
INSERT INTO `question` VALUES ('7d65eca7-5fc1-11e7-a7e0-484d7ee0cd26','3c83f63b-2343-11e7-b36e-c03fd56ee88c','6001c111-5cb3-11e7-a11e-7a791928939c','f33bfd80-2331-11e7-b36e-c03fd56ee88c','218','529510c6-233d-11e7-b36e-c03fd56ee88c','Qui paraît indifférent, impassible. ','Froid',NULL,NULL,NULL);
INSERT INTO `question` VALUES ('7f59c83e-5d5f-11e7-a7e0-484d7ee0cd26','3c83f63b-2343-11e7-b36e-c03fd56ee88c','91c2ee2e-5c94-11e7-a11e-7a791928939c','f33bfd80-2331-11e7-b36e-c03fd56ee88c','6','529510c6-233d-11e7-b36e-c03fd56ee88c','Avec qui on a plaisir à se trouver','Agréable',NULL,NULL,NULL);
INSERT INTO `question` VALUES ('8196d5f7-60b2-11e7-a7e0-484d7ee0cd26','3f1790cb-2343-11e7-b36e-c03fd56ee88c','29c8ffa7-5cb4-11e7-a11e-7a791928939c','f4c0c96f-2331-11e7-b36e-c03fd56ee88c','635','529510c6-233d-11e7-b36e-c03fd56ee88c','Ne pas s''occuper de quelque chose, apporter moins de soin à quelque chose qu''il ne serait nécessaire','Négligeant',NULL,NULL,NULL);
INSERT INTO `question` VALUES ('8198202a-60b2-11e7-a7e0-484d7ee0cd26','3f1790cb-2343-11e7-b36e-c03fd56ee88c','29c8ffa7-5cb4-11e7-a11e-7a791928939c','f4c0c96f-2331-11e7-b36e-c03fd56ee88c','636','529510c6-233d-11e7-b36e-c03fd56ee88c','Qui apporte de l’insouciance, un manque de zèle, d’ardeur à tout ce qu’il doit faire','Nonchalant',NULL,NULL,NULL);
INSERT INTO `question` VALUES ('81982a5a-60b2-11e7-a7e0-484d7ee0cd26','3f1790cb-2343-11e7-b36e-c03fd56ee88c','29c8ffa7-5cb4-11e7-a11e-7a791928939c','f4c0c96f-2331-11e7-b36e-c03fd56ee88c','637','529510c6-233d-11e7-b36e-c03fd56ee88c','Personne qui persévère dans ses actions sans vouloir rien entendre.','Obstiné',NULL,NULL,NULL);
INSERT INTO `question` VALUES ('81983740-60b2-11e7-a7e0-484d7ee0cd26','3f1790cb-2343-11e7-b36e-c03fd56ee88c','29c8ffa7-5cb4-11e7-a11e-7a791928939c','f4c0c96f-2331-11e7-b36e-c03fd56ee88c','638','529510c6-233d-11e7-b36e-c03fd56ee88c','Qui manque de finesse. Borné.','Obtus',NULL,NULL,NULL);
INSERT INTO `question` VALUES ('819841dd-60b2-11e7-a7e0-484d7ee0cd26','3f1790cb-2343-11e7-b36e-c03fd56ee88c','29c8ffa7-5cb4-11e7-a11e-7a791928939c','f4c0c96f-2331-11e7-b36e-c03fd56ee88c','639','529510c6-233d-11e7-b36e-c03fd56ee88c','Très désagréable. Déplaisant.','Odieux',NULL,NULL,NULL);
INSERT INTO `question` VALUES ('81984c50-60b2-11e7-a7e0-484d7ee0cd26','3f1790cb-2343-11e7-b36e-c03fd56ee88c','29c8ffa7-5cb4-11e7-a11e-7a791928939c','f4c0c96f-2331-11e7-b36e-c03fd56ee88c','640','529510c6-233d-11e7-b36e-c03fd56ee88c','Qui est obstiné dans sa résolution, tenace dans sa volonté','Opiniâtre',NULL,NULL,NULL);
INSERT INTO `question` VALUES ('8198577b-60b2-11e7-a7e0-484d7ee0cd26','3f1790cb-2343-11e7-b36e-c03fd56ee88c','29c8ffa7-5cb4-11e7-a11e-7a791928939c','f4c0c96f-2331-11e7-b36e-c03fd56ee88c','641','529510c6-233d-11e7-b36e-c03fd56ee88c','Qui a une haute opinion d''elle-même, qui aime se mettre en avant et n''accepte pas de se remettre en question.','Orgueilleux',NULL,NULL,NULL);
INSERT INTO `question` VALUES ('81985fd0-60b2-11e7-a7e0-484d7ee0cd26','3f1790cb-2343-11e7-b36e-c03fd56ee88c','29c8ffa7-5cb4-11e7-a11e-7a791928939c','f4c0c96f-2331-11e7-b36e-c03fd56ee88c','642','529510c6-233d-11e7-b36e-c03fd56ee88c','Qui répugne au travail, à l''effort; qui manifeste habituellement de la paresse physique ou intellectuelle.','Paresseux',NULL,NULL,NULL);
INSERT INTO `question` VALUES ('81986772-60b2-11e7-a7e0-484d7ee0cd26','3f1790cb-2343-11e7-b36e-c03fd56ee88c','29c8ffa7-5cb4-11e7-a11e-7a791928939c','f4c0c96f-2331-11e7-b36e-c03fd56ee88c','643','529510c6-233d-11e7-b36e-c03fd56ee88c','Qui subit sans agir. Qui n''agit pas.','Passif',NULL,NULL,NULL);
INSERT INTO `question` VALUES ('81986d52-60b2-11e7-a7e0-484d7ee0cd26','3f1790cb-2343-11e7-b36e-c03fd56ee88c','29c8ffa7-5cb4-11e7-a11e-7a791928939c','f4c0c96f-2331-11e7-b36e-c03fd56ee88c','644','529510c6-233d-11e7-b36e-c03fd56ee88c','Qui poursuit, tourmente avec injustice et violence, en particulier pour des motifs religieux ou politiques.','Persécuteur',NULL,NULL,NULL);
INSERT INTO `question` VALUES ('8198712e-60b2-11e7-a7e0-484d7ee0cd26','3f1790cb-2343-11e7-b36e-c03fd56ee88c','29c8ffa7-5cb4-11e7-a11e-7a791928939c','f4c0c96f-2331-11e7-b36e-c03fd56ee88c','645','529510c6-233d-11e7-b36e-c03fd56ee88c','Qui caractérise, qui est le fait d''une personne encline au mal, qui fait, qui aime à faire le mal','Pervers',NULL,NULL,NULL);
INSERT INTO `question` VALUES ('8198750d-60b2-11e7-a7e0-484d7ee0cd26','3f1790cb-2343-11e7-b36e-c03fd56ee88c','29c8ffa7-5cb4-11e7-a11e-7a791928939c','f4c0c96f-2331-11e7-b36e-c03fd56ee88c','646','529510c6-233d-11e7-b36e-c03fd56ee88c','Qui est enclin par nature à prévoir de préférence une évolution fâcheuse des événements','Pessimiste',NULL,NULL,NULL);
INSERT INTO `question` VALUES ('819878d6-60b2-11e7-a7e0-484d7ee0cd26','3f1790cb-2343-11e7-b36e-c03fd56ee88c','29c8ffa7-5cb4-11e7-a11e-7a791928939c','f4c0c96f-2331-11e7-b36e-c03fd56ee88c','647','529510c6-233d-11e7-b36e-c03fd56ee88c','Qui est facilement ou souvent sujet à la peur.','Peureux',NULL,NULL,NULL);
INSERT INTO `question` VALUES ('81987d49-60b2-11e7-a7e0-484d7ee0cd26','3f1790cb-2343-11e7-b36e-c03fd56ee88c','29c8ffa7-5cb4-11e7-a11e-7a791928939c','f4c0c96f-2331-11e7-b36e-c03fd56ee88c','648','529510c6-233d-11e7-b36e-c03fd56ee88c','Qui a l''air d''émettre des jérémiades, des lamentations, qui semble pleurnicher.','Plaintif',NULL,NULL,NULL);
INSERT INTO `question` VALUES ('81988199-60b2-11e7-a7e0-484d7ee0cd26','3f1790cb-2343-11e7-b36e-c03fd56ee88c','29c8ffa7-5cb4-11e7-a11e-7a791928939c','f4c0c96f-2331-11e7-b36e-c03fd56ee88c','649','529510c6-233d-11e7-b36e-c03fd56ee88c','Qui éprouve le besoin de posséder, de dominer.','Possessif',NULL,NULL,NULL);
INSERT INTO `question` VALUES ('81988551-60b2-11e7-a7e0-484d7ee0cd26','3f1790cb-2343-11e7-b36e-c03fd56ee88c','29c8ffa7-5cb4-11e7-a11e-7a791928939c','f4c0c96f-2331-11e7-b36e-c03fd56ee88c','650','529510c6-233d-11e7-b36e-c03fd56ee88c','Qui a une trop grande opinion de soi-même','Présomptueux',NULL,NULL,NULL);
INSERT INTO `question` VALUES ('8198897b-60b2-11e7-a7e0-484d7ee0cd26','3f1790cb-2343-11e7-b36e-c03fd56ee88c','29c8ffa7-5cb4-11e7-a11e-7a791928939c','f4c0c96f-2331-11e7-b36e-c03fd56ee88c','651','529510c6-233d-11e7-b36e-c03fd56ee88c','Personne qui a une trop haute opinion d''elle-même. Fait preuve de vanité.','Prétentieux',NULL,NULL,NULL);
INSERT INTO `question` VALUES ('81988d33-60b2-11e7-a7e0-484d7ee0cd26','3f1790cb-2343-11e7-b36e-c03fd56ee88c','29c8ffa7-5cb4-11e7-a11e-7a791928939c','f4c0c96f-2331-11e7-b36e-c03fd56ee88c','652','529510c6-233d-11e7-b36e-c03fd56ee88c','Tendance à différer, à remettre au lendemain une décision ou l''exécution de quelque chose.','Procrastinateur',NULL,NULL,NULL);
INSERT INTO `question` VALUES ('81989160-60b2-11e7-a7e0-484d7ee0cd26','3f1790cb-2343-11e7-b36e-c03fd56ee88c','29c8ffa7-5cb4-11e7-a11e-7a791928939c','f4c0c96f-2331-11e7-b36e-c03fd56ee88c','653','529510c6-233d-11e7-b36e-c03fd56ee88c','Personne qui tire profit de choses ou de personnes, sans aucun scrupule.','Profiteur',NULL,NULL,NULL);
INSERT INTO `question` VALUES ('819e50a0-60b2-11e7-a7e0-484d7ee0cd26','3f1790cb-2343-11e7-b36e-c03fd56ee88c','29c8ffa7-5cb4-11e7-a11e-7a791928939c','f4c0c96f-2331-11e7-b36e-c03fd56ee88c','654','529510c6-233d-11e7-b36e-c03fd56ee88c','Personne qui incite à la violence, qui cherche à provoquer un affrontement, du désordre','Provocateur',NULL,NULL,NULL);
INSERT INTO `question` VALUES ('819e5d08-60b2-11e7-a7e0-484d7ee0cd26','3f1790cb-2343-11e7-b36e-c03fd56ee88c','29c8ffa7-5cb4-11e7-a11e-7a791928939c','f4c0c96f-2331-11e7-b36e-c03fd56ee88c','655','529510c6-233d-11e7-b36e-c03fd56ee88c','Qui manque de sérieux, de maturité','Puéril',NULL,NULL,NULL);
INSERT INTO `question` VALUES ('819e6d1b-60b2-11e7-a7e0-484d7ee0cd26','3f1790cb-2343-11e7-b36e-c03fd56ee88c','29c8ffa7-5cb4-11e7-a11e-7a791928939c','f4c0c96f-2331-11e7-b36e-c03fd56ee88c','656','529510c6-233d-11e7-b36e-c03fd56ee88c','Attitude d''hostilité systématique à l''égard d''une catégorie déterminée de personnes','Raciste',NULL,NULL,NULL);
INSERT INTO `question` VALUES ('819e7a7e-60b2-11e7-a7e0-484d7ee0cd26','3f1790cb-2343-11e7-b36e-c03fd56ee88c','29c8ffa7-5cb4-11e7-a11e-7a791928939c','f4c0c96f-2331-11e7-b36e-c03fd56ee88c','657','529510c6-233d-11e7-b36e-c03fd56ee88c','Qui aime à accumuler l''argent, mais rechigne à le dépenser, à en prêter.','Radin',NULL,NULL,NULL);
INSERT INTO `question` VALUES ('819e874f-60b2-11e7-a7e0-484d7ee0cd26','3f1790cb-2343-11e7-b36e-c03fd56ee88c','29c8ffa7-5cb4-11e7-a11e-7a791928939c','f4c0c96f-2331-11e7-b36e-c03fd56ee88c','658','529510c6-233d-11e7-b36e-c03fd56ee88c','Qui se plaint souvent.','Râleur',NULL,NULL,NULL);
INSERT INTO `question` VALUES ('819e961f-60b2-11e7-a7e0-484d7ee0cd26','3f1790cb-2343-11e7-b36e-c03fd56ee88c','29c8ffa7-5cb4-11e7-a11e-7a791928939c','f4c0c96f-2331-11e7-b36e-c03fd56ee88c','659','529510c6-233d-11e7-b36e-c03fd56ee88c','Qui n''oublie pas les offenses ou les injustices subies. Enclin à la rancoeur, incapable de pardonner','Rancunier',NULL,NULL,NULL);
INSERT INTO `question` VALUES ('819ea445-60b2-11e7-a7e0-484d7ee0cd26','3f1790cb-2343-11e7-b36e-c03fd56ee88c','29c8ffa7-5cb4-11e7-a11e-7a791928939c','f4c0c96f-2331-11e7-b36e-c03fd56ee88c','660','529510c6-233d-11e7-b36e-c03fd56ee88c','Peu communicatif. Se replier sur soi-même, ne rien exprimer de ses sentiments, de ses pensées','Renfermé',NULL,NULL,NULL);
INSERT INTO `question` VALUES ('819eae8c-60b2-11e7-a7e0-484d7ee0cd26','3f1790cb-2343-11e7-b36e-c03fd56ee88c','29c8ffa7-5cb4-11e7-a11e-7a791928939c','f4c0c96f-2331-11e7-b36e-c03fd56ee88c','661','529510c6-233d-11e7-b36e-c03fd56ee88c','Timide, discret.','Réservé',NULL,NULL,NULL);
INSERT INTO `question` VALUES ('819eb878-60b2-11e7-a7e0-484d7ee0cd26','3f1790cb-2343-11e7-b36e-c03fd56ee88c','29c8ffa7-5cb4-11e7-a11e-7a791928939c','f4c0c96f-2331-11e7-b36e-c03fd56ee88c','662','529510c6-233d-11e7-b36e-c03fd56ee88c','Qui adopte, devant certains événements pénibles, désagréables, une attitude de soumission, d''acceptation.','Résigné',NULL,NULL,NULL);
INSERT INTO `question` VALUES ('819ec161-60b2-11e7-a7e0-484d7ee0cd26','3f1790cb-2343-11e7-b36e-c03fd56ee88c','29c8ffa7-5cb4-11e7-a11e-7a791928939c','f4c0c96f-2331-11e7-b36e-c03fd56ee88c','663','529510c6-233d-11e7-b36e-c03fd56ee88c','Qui est animé d''un esprit de revanche.','Revanchard',NULL,NULL,NULL);
INSERT INTO `question` VALUES ('819ec9d3-60b2-11e7-a7e0-484d7ee0cd26','3f1790cb-2343-11e7-b36e-c03fd56ee88c','29c8ffa7-5cb4-11e7-a11e-7a791928939c','f4c0c96f-2331-11e7-b36e-c03fd56ee88c','664','529510c6-233d-11e7-b36e-c03fd56ee88c','Qui manifeste une grande intransigeance, qui applique à la lettre des règles, des normes','Rigide',NULL,NULL,NULL);
INSERT INTO `question` VALUES ('819ecda3-60b2-11e7-a7e0-484d7ee0cd26','3f1790cb-2343-11e7-b36e-c03fd56ee88c','29c8ffa7-5cb4-11e7-a11e-7a791928939c','f4c0c96f-2331-11e7-b36e-c03fd56ee88c','665','529510c6-233d-11e7-b36e-c03fd56ee88c','Qui est marqué par la routine, par l''absence d''esprit de nouveauté et d''initiative.','Routinier',NULL,NULL,NULL);
INSERT INTO `question` VALUES ('819ed145-60b2-11e7-a7e0-484d7ee0cd26','3f1790cb-2343-11e7-b36e-c03fd56ee88c','29c8ffa7-5cb4-11e7-a11e-7a791928939c','f4c0c96f-2331-11e7-b36e-c03fd56ee88c','666','529510c6-233d-11e7-b36e-c03fd56ee88c','Personne qui ne se préoccupe que d''elle-même, qui agit à sa guise où qu''elle soit.','Sans gêne',NULL,NULL,NULL);
INSERT INTO `question` VALUES ('819ed4f7-60b2-11e7-a7e0-484d7ee0cd26','3f1790cb-2343-11e7-b36e-c03fd56ee88c','29c8ffa7-5cb4-11e7-a11e-7a791928939c','f4c0c96f-2331-11e7-b36e-c03fd56ee88c','667','529510c6-233d-11e7-b36e-c03fd56ee88c','Qui manifeste une ironie méchante, acerbe','Sarcastique',NULL,NULL,NULL);
INSERT INTO `question` VALUES ('819ed9a4-60b2-11e7-a7e0-484d7ee0cd26','3f1790cb-2343-11e7-b36e-c03fd56ee88c','29c8ffa7-5cb4-11e7-a11e-7a791928939c','f4c0c96f-2331-11e7-b36e-c03fd56ee88c','668','529510c6-233d-11e7-b36e-c03fd56ee88c','Qui ne se dévoile pas.','Secret',NULL,NULL,NULL);
INSERT INTO `question` VALUES ('819edd5a-60b2-11e7-a7e0-484d7ee0cd26','3f1790cb-2343-11e7-b36e-c03fd56ee88c','29c8ffa7-5cb4-11e7-a11e-7a791928939c','f4c0c96f-2331-11e7-b36e-c03fd56ee88c','669','529510c6-233d-11e7-b36e-c03fd56ee88c','Qui peut réagir à certains facteurs extérieurs.','Sensible',NULL,NULL,NULL);
INSERT INTO `question` VALUES ('819ee122-60b2-11e7-a7e0-484d7ee0cd26','3f1790cb-2343-11e7-b36e-c03fd56ee88c','29c8ffa7-5cb4-11e7-a11e-7a791928939c','f4c0c96f-2331-11e7-b36e-c03fd56ee88c','670','529510c6-233d-11e7-b36e-c03fd56ee88c','Dont le comportement, les pensées, le caractère manifestent de la gravité, du pessimisme, une inquiétude','Sombre',NULL,NULL,NULL);
INSERT INTO `question` VALUES ('819ee4e8-60b2-11e7-a7e0-484d7ee0cd26','3f1790cb-2343-11e7-b36e-c03fd56ee88c','29c8ffa7-5cb4-11e7-a11e-7a791928939c','f4c0c96f-2331-11e7-b36e-c03fd56ee88c','671','529510c6-233d-11e7-b36e-c03fd56ee88c','Méfiant, défiant, enclin aux soupçons.','Soupçonneux',NULL,NULL,NULL);
INSERT INTO `question` VALUES ('819ee8f7-60b2-11e7-a7e0-484d7ee0cd26','3f1790cb-2343-11e7-b36e-c03fd56ee88c','29c8ffa7-5cb4-11e7-a11e-7a791928939c','f4c0c96f-2331-11e7-b36e-c03fd56ee88c','672','529510c6-233d-11e7-b36e-c03fd56ee88c','Qui dissimule ses sentiments, ses intentions véritables, le plus souvent malveillants.','Sournois',NULL,NULL,NULL);
INSERT INTO `question` VALUES ('819ef079-60b2-11e7-a7e0-484d7ee0cd26','3f1790cb-2343-11e7-b36e-c03fd56ee88c','29c8ffa7-5cb4-11e7-a11e-7a791928939c','f4c0c96f-2331-11e7-b36e-c03fd56ee88c','673','529510c6-233d-11e7-b36e-c03fd56ee88c','Être tendu, angoissé; s''inquiéter.','Stressé',NULL,NULL,NULL);
INSERT INTO `question` VALUES ('819ef670-60b2-11e7-a7e0-484d7ee0cd26','3f1790cb-2343-11e7-b36e-c03fd56ee88c','29c8ffa7-5cb4-11e7-a11e-7a791928939c','f4c0c96f-2331-11e7-b36e-c03fd56ee88c','674','529510c6-233d-11e7-b36e-c03fd56ee88c','Qui a une opinion avantageuse de lui-même et montre du dédain vis-à-vis d''autrui','Suffisant',NULL,NULL,NULL);
INSERT INTO `question` VALUES ('819efa19-60b2-11e7-a7e0-484d7ee0cd26','3f1790cb-2343-11e7-b36e-c03fd56ee88c','29c8ffa7-5cb4-11e7-a11e-7a791928939c','f4c0c96f-2331-11e7-b36e-c03fd56ee88c','675','529510c6-233d-11e7-b36e-c03fd56ee88c','Qui ne traduit pas les sentiments profonds, qui n''est qu''apparent','Superficiel',NULL,NULL,NULL);
INSERT INTO `question` VALUES ('81a34b02-60b2-11e7-a7e0-484d7ee0cd26','3f1790cb-2343-11e7-b36e-c03fd56ee88c','29c8ffa7-5cb4-11e7-a11e-7a791928939c','f4c0c96f-2331-11e7-b36e-c03fd56ee88c','676','529510c6-233d-11e7-b36e-c03fd56ee88c','Qui se vexe, se froisse, s''offense aisément.','Susceptible',NULL,NULL,NULL);
INSERT INTO `question` VALUES ('81a36741-60b2-11e7-a7e0-484d7ee0cd26','3f1790cb-2343-11e7-b36e-c03fd56ee88c','29c8ffa7-5cb4-11e7-a11e-7a791928939c','f4c0c96f-2331-11e7-b36e-c03fd56ee88c','677','529510c6-233d-11e7-b36e-c03fd56ee88c','Qui fait preuve d''une minutie excessive, qui s''arrête aux moindres détails ','Tatillon',NULL,NULL,NULL);
INSERT INTO `question` VALUES ('81a38708-60b2-11e7-a7e0-484d7ee0cd26','3f1790cb-2343-11e7-b36e-c03fd56ee88c','29c8ffa7-5cb4-11e7-a11e-7a791928939c','f4c0c96f-2331-11e7-b36e-c03fd56ee88c','678','529510c6-233d-11e7-b36e-c03fd56ee88c','Obstiné, opiniâtre, qui est excessivement attaché à ses opinions.','Têtu',NULL,NULL,NULL);
INSERT INTO `question` VALUES ('81a3a263-60b2-11e7-a7e0-484d7ee0cd26','3f1790cb-2343-11e7-b36e-c03fd56ee88c','29c8ffa7-5cb4-11e7-a11e-7a791928939c','f4c0c96f-2331-11e7-b36e-c03fd56ee88c','679','529510c6-233d-11e7-b36e-c03fd56ee88c','Qui manque d''assurance, d''audace.','Timide',NULL,NULL,NULL);
INSERT INTO `question` VALUES ('81a3bdcb-60b2-11e7-a7e0-484d7ee0cd26','3f1790cb-2343-11e7-b36e-c03fd56ee88c','29c8ffa7-5cb4-11e7-a11e-7a791928939c','f4c0c96f-2331-11e7-b36e-c03fd56ee88c','680','529510c6-233d-11e7-b36e-c03fd56ee88c','Qui est grave, austère, qui n''est jamais porté à rire','Triste',NULL,NULL,NULL);
INSERT INTO `question` VALUES ('81a3d8cc-60b2-11e7-a7e0-484d7ee0cd26','3f1790cb-2343-11e7-b36e-c03fd56ee88c','29c8ffa7-5cb4-11e7-a11e-7a791928939c','f4c0c96f-2331-11e7-b36e-c03fd56ee88c','681','529510c6-233d-11e7-b36e-c03fd56ee88c','Qui s''admire soi-même et demande l''admiration des autres pour ses qualités réelles ou supposées.','Vaniteux',NULL,NULL,NULL);
INSERT INTO `question` VALUES ('81a3f538-60b2-11e7-a7e0-484d7ee0cd26','3f1790cb-2343-11e7-b36e-c03fd56ee88c','29c8ffa7-5cb4-11e7-a11e-7a791928939c','f4c0c96f-2331-11e7-b36e-c03fd56ee88c','682','529510c6-233d-11e7-b36e-c03fd56ee88c','Qui change facilement d''opinion, qui est sujet à des volte-face subites','Versatile',NULL,NULL,NULL);
INSERT INTO `question` VALUES ('81a4115a-60b2-11e7-a7e0-484d7ee0cd26','3f1790cb-2343-11e7-b36e-c03fd56ee88c','29c8ffa7-5cb4-11e7-a11e-7a791928939c','f4c0c96f-2331-11e7-b36e-c03fd56ee88c','683','529510c6-233d-11e7-b36e-c03fd56ee88c','Qui manque d''éducation, de délicatesse, qui fait preuve de grossièreté','Vulgaire',NULL,NULL,NULL);
INSERT INTO `question` VALUES ('83ff34c3-60b6-11e7-a7e0-484d7ee0cd26','3f1790cb-2343-11e7-b36e-c03fd56ee88c','5185d07a-5cb4-11e7-a11e-7a791928939c','f4c0c96f-2331-11e7-b36e-c03fd56ee88c','715','7de83d99-5cb0-11e7-a11e-7a791928939c','Quelle saison êtes-vous?',NULL,NULL,NULL,NULL);
INSERT INTO `question` VALUES ('85e09f4a-5fe2-11e7-a7e0-484d7ee0cd26','3c83f63b-2343-11e7-b36e-c03fd56ee88c','ec8cbfce-5cb3-11e7-a11e-7a791928939c','f33bfd80-2331-11e7-b36e-c03fd56ee88c','346','8276630d-5cb0-11e7-a11e-7a791928939c',NULL,'Créatif il propose de nouvelles idées, il a des solutions aux problèmes rencontrés',NULL,NULL,NULL);
INSERT INTO `question` VALUES ('85e0c771-5fe2-11e7-a7e0-484d7ee0cd26','3c83f63b-2343-11e7-b36e-c03fd56ee88c','ec8cbfce-5cb3-11e7-a11e-7a791928939c','f33bfd80-2331-11e7-b36e-c03fd56ee88c','347','8276630d-5cb0-11e7-a11e-7a791928939c',NULL,'Réaliste il Evalue de façon logique la faisabilté des idées',NULL,NULL,NULL);
INSERT INTO `question` VALUES ('85e0d972-5fe2-11e7-a7e0-484d7ee0cd26','3c83f63b-2343-11e7-b36e-c03fd56ee88c','ec8cbfce-5cb3-11e7-a11e-7a791928939c','f33bfd80-2331-11e7-b36e-c03fd56ee88c','348','8276630d-5cb0-11e7-a11e-7a791928939c',NULL,'Professionnel il apporte sa connaissance du sujet et ses grandes compétences à l''équipe',NULL,NULL,NULL);
INSERT INTO `question` VALUES ('85e0e3bf-5fe2-11e7-a7e0-484d7ee0cd26','3c83f63b-2343-11e7-b36e-c03fd56ee88c','ec8cbfce-5cb3-11e7-a11e-7a791928939c','f33bfd80-2331-11e7-b36e-c03fd56ee88c','349','8276630d-5cb0-11e7-a11e-7a791928939c',NULL,'Organisateur ,il définit et met en œuvre les manières de faire',NULL,NULL,NULL);
INSERT INTO `question` VALUES ('85e0f101-5fe2-11e7-a7e0-484d7ee0cd26','3c83f63b-2343-11e7-b36e-c03fd56ee88c','ec8cbfce-5cb3-11e7-a11e-7a791928939c','f33bfd80-2331-11e7-b36e-c03fd56ee88c','350','8276630d-5cb0-11e7-a11e-7a791928939c',NULL,'Motivé il pousse de façon dynamique les autres à l’action et aide l’équipe à recentrer son travail.',NULL,NULL,NULL);
INSERT INTO `question` VALUES ('85e0f92a-5fe2-11e7-a7e0-484d7ee0cd26','3c83f63b-2343-11e7-b36e-c03fd56ee88c','ec8cbfce-5cb3-11e7-a11e-7a791928939c','f33bfd80-2331-11e7-b36e-c03fd56ee88c','351','8276630d-5cb0-11e7-a11e-7a791928939c',NULL,'Perfectionniste Il contrôle et vérifie pour que le projet soit bien fait.',NULL,NULL,NULL);
INSERT INTO `question` VALUES ('85e10582-5fe2-11e7-a7e0-484d7ee0cd26','3c83f63b-2343-11e7-b36e-c03fd56ee88c','ec8cbfce-5cb3-11e7-a11e-7a791928939c','f33bfd80-2331-11e7-b36e-c03fd56ee88c','352','8276630d-5cb0-11e7-a11e-7a791928939c',NULL,'Coordinateur il aide chacun à optimiser sa tâche',NULL,NULL,NULL);
INSERT INTO `question` VALUES ('85e10fef-5fe2-11e7-a7e0-484d7ee0cd26','3c83f63b-2343-11e7-b36e-c03fd56ee88c','ec8cbfce-5cb3-11e7-a11e-7a791928939c','f33bfd80-2331-11e7-b36e-c03fd56ee88c','353','8276630d-5cb0-11e7-a11e-7a791928939c',NULL,'Attentif aux autres ,Il crée du lien dans l''équipe et recherche les consensus.Il favorise la coopération dans le groupe',NULL,NULL,NULL);
INSERT INTO `question` VALUES ('8ae1316b-5fe3-11e7-a7e0-484d7ee0cd26','3c83f63b-2343-11e7-b36e-c03fd56ee88c','f9ab6d3e-5cb3-11e7-a11e-7a791928939c','f33bfd80-2331-11e7-b36e-c03fd56ee88c','354','866ff60f-5cb0-11e7-a11e-7a791928939c','Quelle couleur est-il (elle) ?',NULL,NULL,NULL,NULL);
INSERT INTO `question` VALUES ('8b7a1a00-5fc6-11e7-a7e0-484d7ee0cd26','3c83f63b-2343-11e7-b36e-c03fd56ee88c','6001c111-5cb3-11e7-a11e-7a791928939c','f33bfd80-2331-11e7-b36e-c03fd56ee88c','274','529510c6-233d-11e7-b36e-c03fd56ee88c','Qui poursuit, tourmente avec injustice et violence, en particulier pour des motifs religieux ou politiques.','Persécuteur',NULL,NULL,NULL);
INSERT INTO `question` VALUES ('8b7b7b35-5fc6-11e7-a7e0-484d7ee0cd26','3c83f63b-2343-11e7-b36e-c03fd56ee88c','6001c111-5cb3-11e7-a11e-7a791928939c','f33bfd80-2331-11e7-b36e-c03fd56ee88c','275','529510c6-233d-11e7-b36e-c03fd56ee88c','Qui caractérise, qui est le fait d''une personne encline au mal, qui fait, qui aime à faire le mal','Pervers',NULL,NULL,NULL);
INSERT INTO `question` VALUES ('8b7b8d97-5fc6-11e7-a7e0-484d7ee0cd26','3c83f63b-2343-11e7-b36e-c03fd56ee88c','6001c111-5cb3-11e7-a11e-7a791928939c','f33bfd80-2331-11e7-b36e-c03fd56ee88c','276','529510c6-233d-11e7-b36e-c03fd56ee88c','Qui est enclin par nature à prévoir de préférence une évolution fâcheuse des événements','Pessimiste',NULL,NULL,NULL);
INSERT INTO `question` VALUES ('8b7b9d3b-5fc6-11e7-a7e0-484d7ee0cd26','3c83f63b-2343-11e7-b36e-c03fd56ee88c','6001c111-5cb3-11e7-a11e-7a791928939c','f33bfd80-2331-11e7-b36e-c03fd56ee88c','277','529510c6-233d-11e7-b36e-c03fd56ee88c','Qui est facilement ou souvent sujet à la peur.','Peureux',NULL,NULL,NULL);
INSERT INTO `question` VALUES ('8b7baa63-5fc6-11e7-a7e0-484d7ee0cd26','3c83f63b-2343-11e7-b36e-c03fd56ee88c','6001c111-5cb3-11e7-a11e-7a791928939c','f33bfd80-2331-11e7-b36e-c03fd56ee88c','278','529510c6-233d-11e7-b36e-c03fd56ee88c','Qui a l''air d''émettre des jérémiades, des lamentations, qui semble pleurnicher.','Plaintif',NULL,NULL,NULL);
INSERT INTO `question` VALUES ('8b7bb873-5fc6-11e7-a7e0-484d7ee0cd26','3c83f63b-2343-11e7-b36e-c03fd56ee88c','6001c111-5cb3-11e7-a11e-7a791928939c','f33bfd80-2331-11e7-b36e-c03fd56ee88c','279','529510c6-233d-11e7-b36e-c03fd56ee88c','Qui éprouve le besoin de posséder, de dominer.','Possessif',NULL,NULL,NULL);
INSERT INTO `question` VALUES ('8b7bc4fe-5fc6-11e7-a7e0-484d7ee0cd26','3c83f63b-2343-11e7-b36e-c03fd56ee88c','6001c111-5cb3-11e7-a11e-7a791928939c','f33bfd80-2331-11e7-b36e-c03fd56ee88c','280','529510c6-233d-11e7-b36e-c03fd56ee88c','Qui a une trop grande opinion de soi-même','Présomptueux',NULL,NULL,NULL);
INSERT INTO `question` VALUES ('8b7bd0e2-5fc6-11e7-a7e0-484d7ee0cd26','3c83f63b-2343-11e7-b36e-c03fd56ee88c','6001c111-5cb3-11e7-a11e-7a791928939c','f33bfd80-2331-11e7-b36e-c03fd56ee88c','281','529510c6-233d-11e7-b36e-c03fd56ee88c','Personne qui a une trop haute opinion d''elle-même. Fait preuve de vanité.','Prétentieux',NULL,NULL,NULL);
INSERT INTO `question` VALUES ('8b7bdc16-5fc6-11e7-a7e0-484d7ee0cd26','3c83f63b-2343-11e7-b36e-c03fd56ee88c','6001c111-5cb3-11e7-a11e-7a791928939c','f33bfd80-2331-11e7-b36e-c03fd56ee88c','282','529510c6-233d-11e7-b36e-c03fd56ee88c','Tendance à différer, à remettre au lendemain une décision ou l''exécution de quelque chose.','Procrastinateur',NULL,NULL,NULL);
INSERT INTO `question` VALUES ('8b7be70d-5fc6-11e7-a7e0-484d7ee0cd26','3c83f63b-2343-11e7-b36e-c03fd56ee88c','6001c111-5cb3-11e7-a11e-7a791928939c','f33bfd80-2331-11e7-b36e-c03fd56ee88c','283','529510c6-233d-11e7-b36e-c03fd56ee88c','Personne qui tire profit de choses ou de personnes, sans aucun scrupule.','Profiteur',NULL,NULL,NULL);
INSERT INTO `question` VALUES ('8b7bf187-5fc6-11e7-a7e0-484d7ee0cd26','3c83f63b-2343-11e7-b36e-c03fd56ee88c','6001c111-5cb3-11e7-a11e-7a791928939c','f33bfd80-2331-11e7-b36e-c03fd56ee88c','284','529510c6-233d-11e7-b36e-c03fd56ee88c','Personne qui incite à la violence, qui cherche à provoquer un affrontement, du désordre','Provocateur',NULL,NULL,NULL);
INSERT INTO `question` VALUES ('8b7bfccb-5fc6-11e7-a7e0-484d7ee0cd26','3c83f63b-2343-11e7-b36e-c03fd56ee88c','6001c111-5cb3-11e7-a11e-7a791928939c','f33bfd80-2331-11e7-b36e-c03fd56ee88c','285','529510c6-233d-11e7-b36e-c03fd56ee88c','Qui manque de sérieux, de maturité','Puéril',NULL,NULL,NULL);
INSERT INTO `question` VALUES ('8b7c02bf-5fc6-11e7-a7e0-484d7ee0cd26','3c83f63b-2343-11e7-b36e-c03fd56ee88c','6001c111-5cb3-11e7-a11e-7a791928939c','f33bfd80-2331-11e7-b36e-c03fd56ee88c','286','529510c6-233d-11e7-b36e-c03fd56ee88c','Attitude d''hostilité systématique à l''égard d''une catégorie déterminée de personnes','Raciste',NULL,NULL,NULL);
INSERT INTO `question` VALUES ('8b7c068b-5fc6-11e7-a7e0-484d7ee0cd26','3c83f63b-2343-11e7-b36e-c03fd56ee88c','6001c111-5cb3-11e7-a11e-7a791928939c','f33bfd80-2331-11e7-b36e-c03fd56ee88c','287','529510c6-233d-11e7-b36e-c03fd56ee88c','Qui aime à accumuler l''argent, mais rechigne à le dépenser, à en prêter.','Radin',NULL,NULL,NULL);
INSERT INTO `question` VALUES ('8c0394b6-5d60-11e7-a7e0-484d7ee0cd26','3c83f63b-2343-11e7-b36e-c03fd56ee88c','91c2ee2e-5c94-11e7-a11e-7a791928939c','f33bfd80-2331-11e7-b36e-c03fd56ee88c','14','529510c6-233d-11e7-b36e-c03fd56ee88c','Qui a ou dénote de l''ingéniosité. Habile.','Astucieux',NULL,NULL,NULL);
INSERT INTO `question` VALUES ('8c24e858-5fb6-11e7-a7e0-484d7ee0cd26','3c83f63b-2343-11e7-b36e-c03fd56ee88c','91c2ee2e-5c94-11e7-a11e-7a791928939c','f33bfd80-2331-11e7-b36e-c03fd56ee88c','126','529510c6-233d-11e7-b36e-c03fd56ee88c','Qui se tire au mieux des problèmes concrets de l''existence ','Pratique',NULL,NULL,NULL);
INSERT INTO `question` VALUES ('8c28271b-5fb6-11e7-a7e0-484d7ee0cd26','3c83f63b-2343-11e7-b36e-c03fd56ee88c','91c2ee2e-5c94-11e7-a11e-7a791928939c','f33bfd80-2331-11e7-b36e-c03fd56ee88c','127','529510c6-233d-11e7-b36e-c03fd56ee88c','Qui n''exprime que ce qu''il faut, qui s''en tient rigoureusement à l''essentiel.','Précis',NULL,NULL,NULL);
INSERT INTO `question` VALUES ('8c283900-5fb6-11e7-a7e0-484d7ee0cd26','3c83f63b-2343-11e7-b36e-c03fd56ee88c','91c2ee2e-5c94-11e7-a11e-7a791928939c','f33bfd80-2331-11e7-b36e-c03fd56ee88c','128','529510c6-233d-11e7-b36e-c03fd56ee88c','Qui cherche à prévenir les désirs de quelqu''un, à faire plaisir','Prévenant',NULL,NULL,NULL);
INSERT INTO `question` VALUES ('8c284881-5fb6-11e7-a7e0-484d7ee0cd26','3c83f63b-2343-11e7-b36e-c03fd56ee88c','91c2ee2e-5c94-11e7-a11e-7a791928939c','f33bfd80-2331-11e7-b36e-c03fd56ee88c','129','529510c6-233d-11e7-b36e-c03fd56ee88c','Qui s''assure à l''avance des conséquences de ce qui va ou ce qui peut arriver.','Prévoyant',NULL,NULL,NULL);
INSERT INTO `question` VALUES ('8c285734-5fb6-11e7-a7e0-484d7ee0cd26','3c83f63b-2343-11e7-b36e-c03fd56ee88c','91c2ee2e-5c94-11e7-a11e-7a791928939c','f33bfd80-2331-11e7-b36e-c03fd56ee88c','130','529510c6-233d-11e7-b36e-c03fd56ee88c','Qui produit, qui crée','Productif',NULL,NULL,NULL);
INSERT INTO `question` VALUES ('8c286600-5fb6-11e7-a7e0-484d7ee0cd26','3c83f63b-2343-11e7-b36e-c03fd56ee88c','91c2ee2e-5c94-11e7-a11e-7a791928939c','f33bfd80-2331-11e7-b36e-c03fd56ee88c','131','529510c6-233d-11e7-b36e-c03fd56ee88c','Qui fait preuve de circonspection dans ses actes, de grande attention dans les situations qui comportent des dangers','Prudent',NULL,NULL,NULL);
INSERT INTO `question` VALUES ('8c2874fd-5fb6-11e7-a7e0-484d7ee0cd26','3c83f63b-2343-11e7-b36e-c03fd56ee88c','91c2ee2e-5c94-11e7-a11e-7a791928939c','f33bfd80-2331-11e7-b36e-c03fd56ee88c','132','529510c6-233d-11e7-b36e-c03fd56ee88c','Qui pense, agit selon la raison, le bon sens, la mesure et la réflexion','Raisonnable',NULL,NULL,NULL);
INSERT INTO `question` VALUES ('8c2883a6-5fb6-11e7-a7e0-484d7ee0cd26','3c83f63b-2343-11e7-b36e-c03fd56ee88c','91c2ee2e-5c94-11e7-a11e-7a791928939c','f33bfd80-2331-11e7-b36e-c03fd56ee88c','133','529510c6-233d-11e7-b36e-c03fd56ee88c','Qui tranquillise','Rassurant',NULL,NULL,NULL);
INSERT INTO `question` VALUES ('8c289018-5fb6-11e7-a7e0-484d7ee0cd26','3c83f63b-2343-11e7-b36e-c03fd56ee88c','91c2ee2e-5c94-11e7-a11e-7a791928939c','f33bfd80-2331-11e7-b36e-c03fd56ee88c','134','529510c6-233d-11e7-b36e-c03fd56ee88c','Qui paraît logique, raisonnable, conforme au bon sens ; qui raisonne avec justesse','Rationnel',NULL,NULL,NULL);
INSERT INTO `question` VALUES ('8c289c79-5fb6-11e7-a7e0-484d7ee0cd26','3c83f63b-2343-11e7-b36e-c03fd56ee88c','91c2ee2e-5c94-11e7-a11e-7a791928939c','f33bfd80-2331-11e7-b36e-c03fd56ee88c','135','529510c6-233d-11e7-b36e-c03fd56ee88c','Qui prend en compte la réalité des choses.','Réaliste',NULL,NULL,NULL);
INSERT INTO `question` VALUES ('8c28a87e-5fb6-11e7-a7e0-484d7ee0cd26','3c83f63b-2343-11e7-b36e-c03fd56ee88c','91c2ee2e-5c94-11e7-a11e-7a791928939c','f33bfd80-2331-11e7-b36e-c03fd56ee88c','136','529510c6-233d-11e7-b36e-c03fd56ee88c','Ouvert, sensible à quelque chose ou quelqu''un.','Réceptif',NULL,NULL,NULL);
INSERT INTO `question` VALUES ('8c28b462-5fb6-11e7-a7e0-484d7ee0cd26','3c83f63b-2343-11e7-b36e-c03fd56ee88c','91c2ee2e-5c94-11e7-a11e-7a791928939c','f33bfd80-2331-11e7-b36e-c03fd56ee88c','137','529510c6-233d-11e7-b36e-c03fd56ee88c','Qui console, encourage, rassure','Réconfortant',NULL,NULL,NULL);
INSERT INTO `question` VALUES ('8c28c050-5fb6-11e7-a7e0-484d7ee0cd26','3c83f63b-2343-11e7-b36e-c03fd56ee88c','91c2ee2e-5c94-11e7-a11e-7a791928939c','f33bfd80-2331-11e7-b36e-c03fd56ee88c','138','529510c6-233d-11e7-b36e-c03fd56ee88c','Qui éprouve de la gratitude.','Reconnaissant',NULL,NULL,NULL);
INSERT INTO `question` VALUES ('8c28cbf1-5fb6-11e7-a7e0-484d7ee0cd26','3c83f63b-2343-11e7-b36e-c03fd56ee88c','91c2ee2e-5c94-11e7-a11e-7a791928939c','f33bfd80-2331-11e7-b36e-c03fd56ee88c','139','529510c6-233d-11e7-b36e-c03fd56ee88c','Posé, qui agit avec réflexion.','Réfléchi',NULL,NULL,NULL);
INSERT INTO `question` VALUES ('8c28d1ab-5fb6-11e7-a7e0-484d7ee0cd26','3c83f63b-2343-11e7-b36e-c03fd56ee88c','91c2ee2e-5c94-11e7-a11e-7a791928939c','f33bfd80-2331-11e7-b36e-c03fd56ee88c','140','529510c6-233d-11e7-b36e-c03fd56ee88c','Déterminé, confiant et sûr de soi, disposé à prendre une résolution.','Résolu',NULL,NULL,NULL);
INSERT INTO `question` VALUES ('8c28d5eb-5fb6-11e7-a7e0-484d7ee0cd26','3c83f63b-2343-11e7-b36e-c03fd56ee88c','91c2ee2e-5c94-11e7-a11e-7a791928939c','f33bfd80-2331-11e7-b36e-c03fd56ee88c','141','529510c6-233d-11e7-b36e-c03fd56ee88c','Qui témoigne, qui éprouve du respect, de la considération pour quelqu''un','Respectueux',NULL,NULL,NULL);
INSERT INTO `question` VALUES ('8c28dca2-5fb6-11e7-a7e0-484d7ee0cd26','3c83f63b-2343-11e7-b36e-c03fd56ee88c','91c2ee2e-5c94-11e7-a11e-7a791928939c','f33bfd80-2331-11e7-b36e-c03fd56ee88c','142','529510c6-233d-11e7-b36e-c03fd56ee88c','Qui est réfléchi, sérieux, qui prend en considération les conséquences de ses actes ','Responsable',NULL,NULL,NULL);
INSERT INTO `question` VALUES ('8c28e10c-5fb6-11e7-a7e0-484d7ee0cd26','3c83f63b-2343-11e7-b36e-c03fd56ee88c','91c2ee2e-5c94-11e7-a11e-7a791928939c','f33bfd80-2331-11e7-b36e-c03fd56ee88c','143','529510c6-233d-11e7-b36e-c03fd56ee88c','Qui fait preuve de précision, se caractérise par une logique, une rigueur parfaite, une exactitude sans défaut','Rigoureux',NULL,NULL,NULL);
INSERT INTO `question` VALUES ('8c28e6d3-5fb6-11e7-a7e0-484d7ee0cd26','3c83f63b-2343-11e7-b36e-c03fd56ee88c','91c2ee2e-5c94-11e7-a11e-7a791928939c','f33bfd80-2331-11e7-b36e-c03fd56ee88c','144','529510c6-233d-11e7-b36e-c03fd56ee88c','Qui fait preuve de sûreté dans ses jugements et sa conduite ','sage',NULL,NULL,NULL);
INSERT INTO `question` VALUES ('8c28ea8b-5fb6-11e7-a7e0-484d7ee0cd26','3c83f63b-2343-11e7-b36e-c03fd56ee88c','91c2ee2e-5c94-11e7-a11e-7a791928939c','f33bfd80-2331-11e7-b36e-c03fd56ee88c','145','529510c6-233d-11e7-b36e-c03fd56ee88c','Qui éprouve facilement des émotions, des sentiments, notamment de pitié, de compassion ','Sensible',NULL,NULL,NULL);
INSERT INTO `question` VALUES ('8c28eebb-5fb6-11e7-a7e0-484d7ee0cd26','3c83f63b-2343-11e7-b36e-c03fd56ee88c','91c2ee2e-5c94-11e7-a11e-7a791928939c','f33bfd80-2331-11e7-b36e-c03fd56ee88c','146','529510c6-233d-11e7-b36e-c03fd56ee88c','Qui n''est agité par aucun trouble, qui est exempt de passion, d''angoisse','Serein',NULL,NULL,NULL);
INSERT INTO `question` VALUES ('8c28f40b-5fb6-11e7-a7e0-484d7ee0cd26','3c83f63b-2343-11e7-b36e-c03fd56ee88c','91c2ee2e-5c94-11e7-a11e-7a791928939c','f33bfd80-2331-11e7-b36e-c03fd56ee88c','147','529510c6-233d-11e7-b36e-c03fd56ee88c','Qui attache de l''importance à ce qu''il dit ou fait, respecte ses engagements, agit conformément à ce qu''on attend de lui, avec attention, soin','Sérieux',NULL,NULL,NULL);
INSERT INTO `question` VALUES ('8c28fa6f-5fb6-11e7-a7e0-484d7ee0cd26','3c83f63b-2343-11e7-b36e-c03fd56ee88c','91c2ee2e-5c94-11e7-a11e-7a791928939c','f33bfd80-2331-11e7-b36e-c03fd56ee88c','148','529510c6-233d-11e7-b36e-c03fd56ee88c','Qui rend volontiers service','Serviable',NULL,NULL,NULL);
INSERT INTO `question` VALUES ('8c28ffff-5fb6-11e7-a7e0-484d7ee0cd26','3c83f63b-2343-11e7-b36e-c03fd56ee88c','91c2ee2e-5c94-11e7-a11e-7a791928939c','f33bfd80-2331-11e7-b36e-c03fd56ee88c','149','529510c6-233d-11e7-b36e-c03fd56ee88c','Qui exprime, sans les déguiser, ses pensées et ses sentiments','Sincère',NULL,NULL,NULL);
INSERT INTO `question` VALUES ('8c2905a3-5fb6-11e7-a7e0-484d7ee0cd26','3c83f63b-2343-11e7-b36e-c03fd56ee88c','91c2ee2e-5c94-11e7-a11e-7a791928939c','f33bfd80-2331-11e7-b36e-c03fd56ee88c','150','529510c6-233d-11e7-b36e-c03fd56ee88c','Qui se lie facilement aux autres et avec qui il est agréable de vivre','Sociable',NULL,NULL,NULL);
INSERT INTO `question` VALUES ('9193e9e8-5fe4-11e7-a7e0-484d7ee0cd26','3c83f63b-2343-11e7-b36e-c03fd56ee88c','08247b0d-5cb4-11e7-a11e-7a791928939c','f33bfd80-2331-11e7-b36e-c03fd56ee88c','355','976b4ccc-5cb0-11e7-a11e-7a791928939c',NULL,'le pouvoir',NULL,NULL,NULL);
INSERT INTO `question` VALUES ('9193fef8-5fe4-11e7-a7e0-484d7ee0cd26','3c83f63b-2343-11e7-b36e-c03fd56ee88c','08247b0d-5cb4-11e7-a11e-7a791928939c','f33bfd80-2331-11e7-b36e-c03fd56ee88c','356','976b4ccc-5cb0-11e7-a11e-7a791928939c',NULL,'la considération',NULL,NULL,NULL);
INSERT INTO `question` VALUES ('91940df8-5fe4-11e7-a7e0-484d7ee0cd26','3c83f63b-2343-11e7-b36e-c03fd56ee88c','08247b0d-5cb4-11e7-a11e-7a791928939c','f33bfd80-2331-11e7-b36e-c03fd56ee88c','357','976b4ccc-5cb0-11e7-a11e-7a791928939c',NULL,'l''amour',NULL,NULL,NULL);
INSERT INTO `question` VALUES ('91941d1f-5fe4-11e7-a7e0-484d7ee0cd26','3c83f63b-2343-11e7-b36e-c03fd56ee88c','08247b0d-5cb4-11e7-a11e-7a791928939c','f33bfd80-2331-11e7-b36e-c03fd56ee88c','358','976b4ccc-5cb0-11e7-a11e-7a791928939c',NULL,'la sécurité',NULL,NULL,NULL);
INSERT INTO `question` VALUES ('91942c1c-5fe4-11e7-a7e0-484d7ee0cd26','3c83f63b-2343-11e7-b36e-c03fd56ee88c','08247b0d-5cb4-11e7-a11e-7a791928939c','f33bfd80-2331-11e7-b36e-c03fd56ee88c','359','976b4ccc-5cb0-11e7-a11e-7a791928939c',NULL,'le confort',NULL,NULL,NULL);
INSERT INTO `question` VALUES ('91943c6c-5fe4-11e7-a7e0-484d7ee0cd26','3c83f63b-2343-11e7-b36e-c03fd56ee88c','08247b0d-5cb4-11e7-a11e-7a791928939c','f33bfd80-2331-11e7-b36e-c03fd56ee88c','360','976b4ccc-5cb0-11e7-a11e-7a791928939c',NULL,'le plaisir',NULL,NULL,NULL);
INSERT INTO `question` VALUES ('919965d9-5fe4-11e7-a7e0-484d7ee0cd26','3c83f63b-2343-11e7-b36e-c03fd56ee88c','08247b0d-5cb4-11e7-a11e-7a791928939c','f33bfd80-2331-11e7-b36e-c03fd56ee88c','361','976b4ccc-5cb0-11e7-a11e-7a791928939c',NULL,'l''intérêt personnel',NULL,NULL,NULL);
INSERT INTO `question` VALUES ('919976c1-5fe4-11e7-a7e0-484d7ee0cd26','3c83f63b-2343-11e7-b36e-c03fd56ee88c','08247b0d-5cb4-11e7-a11e-7a791928939c','f33bfd80-2331-11e7-b36e-c03fd56ee88c','362','976b4ccc-5cb0-11e7-a11e-7a791928939c',NULL,'le pratique',NULL,NULL,NULL);
INSERT INTO `question` VALUES ('9199844d-5fe4-11e7-a7e0-484d7ee0cd26','3c83f63b-2343-11e7-b36e-c03fd56ee88c','08247b0d-5cb4-11e7-a11e-7a791928939c','f33bfd80-2331-11e7-b36e-c03fd56ee88c','363','976b4ccc-5cb0-11e7-a11e-7a791928939c',NULL,'l''intérêt du groupe',NULL,NULL,NULL);
INSERT INTO `question` VALUES ('919993a4-5fe4-11e7-a7e0-484d7ee0cd26','3c83f63b-2343-11e7-b36e-c03fd56ee88c','08247b0d-5cb4-11e7-a11e-7a791928939c','f33bfd80-2331-11e7-b36e-c03fd56ee88c','364','976b4ccc-5cb0-11e7-a11e-7a791928939c',NULL,'l''image de soi',NULL,NULL,NULL);
INSERT INTO `question` VALUES ('9199a2fd-5fe4-11e7-a7e0-484d7ee0cd26','3c83f63b-2343-11e7-b36e-c03fd56ee88c','08247b0d-5cb4-11e7-a11e-7a791928939c','f33bfd80-2331-11e7-b36e-c03fd56ee88c','365','976b4ccc-5cb0-11e7-a11e-7a791928939c',NULL,'l''orgueil',NULL,NULL,NULL);
INSERT INTO `question` VALUES ('9199b247-5fe4-11e7-a7e0-484d7ee0cd26','3c83f63b-2343-11e7-b36e-c03fd56ee88c','08247b0d-5cb4-11e7-a11e-7a791928939c','f33bfd80-2331-11e7-b36e-c03fd56ee88c','366','976b4ccc-5cb0-11e7-a11e-7a791928939c',NULL,'la compréhension',NULL,NULL,NULL);
INSERT INTO `question` VALUES ('9199c1ab-5fe4-11e7-a7e0-484d7ee0cd26','3c83f63b-2343-11e7-b36e-c03fd56ee88c','08247b0d-5cb4-11e7-a11e-7a791928939c','f33bfd80-2331-11e7-b36e-c03fd56ee88c','367','976b4ccc-5cb0-11e7-a11e-7a791928939c',NULL,'la réussite',NULL,NULL,NULL);
INSERT INTO `question` VALUES ('9199d054-5fe4-11e7-a7e0-484d7ee0cd26','3c83f63b-2343-11e7-b36e-c03fd56ee88c','08247b0d-5cb4-11e7-a11e-7a791928939c','f33bfd80-2331-11e7-b36e-c03fd56ee88c','368','976b4ccc-5cb0-11e7-a11e-7a791928939c',NULL,'la nouveauté',NULL,NULL,NULL);
INSERT INTO `question` VALUES ('9d0523c3-5fc0-11e7-a7e0-484d7ee0cd26','3c83f63b-2343-11e7-b36e-c03fd56ee88c','6001c111-5cb3-11e7-a11e-7a791928939c','f33bfd80-2331-11e7-b36e-c03fd56ee88c','196','529510c6-233d-11e7-b36e-c03fd56ee88c','Être submergé par le travail, les occupations','Débordé',NULL,NULL,NULL);
INSERT INTO `question` VALUES ('9d06d7c1-5fc0-11e7-a7e0-484d7ee0cd26','3c83f63b-2343-11e7-b36e-c03fd56ee88c','6001c111-5cb3-11e7-a11e-7a791928939c','f33bfd80-2331-11e7-b36e-c03fd56ee88c','197','529510c6-233d-11e7-b36e-c03fd56ee88c','Qui manque de confiance dans la réussite de quelque chose, pessimiste.','Défaitiste',NULL,NULL,NULL);
INSERT INTO `question` VALUES ('9d06e5c3-5fc0-11e7-a7e0-484d7ee0cd26','3c83f63b-2343-11e7-b36e-c03fd56ee88c','6001c111-5cb3-11e7-a11e-7a791928939c','f33bfd80-2331-11e7-b36e-c03fd56ee88c','198','529510c6-233d-11e7-b36e-c03fd56ee88c','Qui dépense beaucoup, qui aime dépenser. ','Dépensier',NULL,NULL,NULL);
INSERT INTO `question` VALUES ('9d06f459-5fc0-11e7-a7e0-484d7ee0cd26','3c83f63b-2343-11e7-b36e-c03fd56ee88c','6001c111-5cb3-11e7-a11e-7a791928939c','f33bfd80-2331-11e7-b36e-c03fd56ee88c','199','529510c6-233d-11e7-b36e-c03fd56ee88c','Dégagé, sans-gêne, impertinent, qui ne prête guère attention à ce et ceux qui l''entourent, qui prend les choses à la légère. ','Désinvolte',NULL,NULL,NULL);
INSERT INTO `question` VALUES ('9d070303-5fc0-11e7-a7e0-484d7ee0cd26','3c83f63b-2343-11e7-b36e-c03fd56ee88c','6001c111-5cb3-11e7-a11e-7a791928939c','f33bfd80-2331-11e7-b36e-c03fd56ee88c','200','529510c6-233d-11e7-b36e-c03fd56ee88c','Qui n''obéit pas. ','Désobéissant',NULL,NULL,NULL);
INSERT INTO `question` VALUES ('9d070fe8-5fc0-11e7-a7e0-484d7ee0cd26','3c83f63b-2343-11e7-b36e-c03fd56ee88c','6001c111-5cb3-11e7-a11e-7a791928939c','f33bfd80-2331-11e7-b36e-c03fd56ee88c','201','529510c6-233d-11e7-b36e-c03fd56ee88c','Qui est en désordre, qui manque d''ordre. ','Désordonné',NULL,NULL,NULL);
INSERT INTO `question` VALUES ('9d0bed5e-5fc0-11e7-a7e0-484d7ee0cd26','3c83f63b-2343-11e7-b36e-c03fd56ee88c','6001c111-5cb3-11e7-a11e-7a791928939c','f33bfd80-2331-11e7-b36e-c03fd56ee88c','202','529510c6-233d-11e7-b36e-c03fd56ee88c','Qualifie une personne ou une chose faisant preuve d’un manque d’organisation, de logique, de rationalité, de pragmatisme','Désorganisé',NULL,NULL,NULL);
INSERT INTO `question` VALUES ('9d0bffb9-5fc0-11e7-a7e0-484d7ee0cd26','3c83f63b-2343-11e7-b36e-c03fd56ee88c','6001c111-5cb3-11e7-a11e-7a791928939c','f33bfd80-2331-11e7-b36e-c03fd56ee88c','203','529510c6-233d-11e7-b36e-c03fd56ee88c','Méchant, pernicieux, démoniaque. ','Diabolique',NULL,NULL,NULL);
INSERT INTO `question` VALUES ('9d0c0f16-5fc0-11e7-a7e0-484d7ee0cd26','3c83f63b-2343-11e7-b36e-c03fd56ee88c','6001c111-5cb3-11e7-a11e-7a791928939c','f33bfd80-2331-11e7-b36e-c03fd56ee88c','204','529510c6-233d-11e7-b36e-c03fd56ee88c','Etourdi, inattentif. ','Distrait',NULL,NULL,NULL);
INSERT INTO `question` VALUES ('9d0c1d79-5fc0-11e7-a7e0-484d7ee0cd26','3c83f63b-2343-11e7-b36e-c03fd56ee88c','6001c111-5cb3-11e7-a11e-7a791928939c','f33bfd80-2331-11e7-b36e-c03fd56ee88c','205','529510c6-233d-11e7-b36e-c03fd56ee88c',' Obéissant, qui obéit facilement aux ordres qu''on peut lui donner, montrant peu de goût pour la rébellion. ','Docile',NULL,NULL,NULL);
INSERT INTO `question` VALUES ('9d0c2d5a-5fc0-11e7-a7e0-484d7ee0cd26','3c83f63b-2343-11e7-b36e-c03fd56ee88c','6001c111-5cb3-11e7-a11e-7a791928939c','f33bfd80-2331-11e7-b36e-c03fd56ee88c','206','529510c6-233d-11e7-b36e-c03fd56ee88c',' Qui domine sur d''autres, qui aime à dominer. ','Dominateur',NULL,NULL,NULL);
INSERT INTO `question` VALUES ('9d0c3ae2-5fc0-11e7-a7e0-484d7ee0cd26','3c83f63b-2343-11e7-b36e-c03fd56ee88c','6001c111-5cb3-11e7-a11e-7a791928939c','f33bfd80-2331-11e7-b36e-c03fd56ee88c','207','529510c6-233d-11e7-b36e-c03fd56ee88c','Qui se croit le centre du monde, qui rapporte tout à soi. ','Égocentrique',NULL,NULL,NULL);
INSERT INTO `question` VALUES ('9da97045-6084-11e7-a7e0-484d7ee0cd26','3f1790cb-2343-11e7-b36e-c03fd56ee88c','24551cf0-5cb4-11e7-a11e-7a791928939c','f4c0c96f-2331-11e7-b36e-c03fd56ee88c','386','529510c6-233d-11e7-b36e-c03fd56ee88c','Qui montre de l''attention.','Attentif',NULL,NULL,NULL);
INSERT INTO `question` VALUES ('9da98599-6084-11e7-a7e0-484d7ee0cd26','3f1790cb-2343-11e7-b36e-c03fd56ee88c','24551cf0-5cb4-11e7-a11e-7a791928939c','f4c0c96f-2331-11e7-b36e-c03fd56ee88c','387','529510c6-233d-11e7-b36e-c03fd56ee88c','Qui est plein de prévenances, d''attentions, de gentillesse ','Attentionné',NULL,NULL,NULL);
INSERT INTO `question` VALUES ('9da990a3-6084-11e7-a7e0-484d7ee0cd26','3f1790cb-2343-11e7-b36e-c03fd56ee88c','24551cf0-5cb4-11e7-a11e-7a791928939c','f4c0c96f-2331-11e7-b36e-c03fd56ee88c','388','529510c6-233d-11e7-b36e-c03fd56ee88c','Qui plaît, séduit, attire par son charme ; attrayant, captivant ','Attractif',NULL,NULL,NULL);
INSERT INTO `question` VALUES ('9da99922-6084-11e7-a7e0-484d7ee0cd26','3f1790cb-2343-11e7-b36e-c03fd56ee88c','24551cf0-5cb4-11e7-a11e-7a791928939c','f4c0c96f-2331-11e7-b36e-c03fd56ee88c','389','529510c6-233d-11e7-b36e-c03fd56ee88c','Qui a de la hardiesse, téméraire.','Audacieux',NULL,NULL,NULL);
INSERT INTO `question` VALUES ('9da9a896-6084-11e7-a7e0-484d7ee0cd26','3f1790cb-2343-11e7-b36e-c03fd56ee88c','24551cf0-5cb4-11e7-a11e-7a791928939c','f4c0c96f-2331-11e7-b36e-c03fd56ee88c','390','529510c6-233d-11e7-b36e-c03fd56ee88c','Dont la sincérité est incontestable','Authentique',NULL,NULL,NULL);
INSERT INTO `question` VALUES ('9da9b782-6084-11e7-a7e0-484d7ee0cd26','3f1790cb-2343-11e7-b36e-c03fd56ee88c','24551cf0-5cb4-11e7-a11e-7a791928939c','f4c0c96f-2331-11e7-b36e-c03fd56ee88c','391','529510c6-233d-11e7-b36e-c03fd56ee88c','Qui a une certaine indépendance, capable d''agir sans avoir recours à autrui.','Autonome',NULL,NULL,NULL);
INSERT INTO `question` VALUES ('9da9c669-6084-11e7-a7e0-484d7ee0cd26','3f1790cb-2343-11e7-b36e-c03fd56ee88c','24551cf0-5cb4-11e7-a11e-7a791928939c','f4c0c96f-2331-11e7-b36e-c03fd56ee88c','392','529510c6-233d-11e7-b36e-c03fd56ee88c','Qui use de toute l''autorité qu''il possède sans s''imposer de limite','Autoritaire',NULL,NULL,NULL);
INSERT INTO `question` VALUES ('9da9d347-6084-11e7-a7e0-484d7ee0cd26','3f1790cb-2343-11e7-b36e-c03fd56ee88c','24551cf0-5cb4-11e7-a11e-7a791928939c','f4c0c96f-2331-11e7-b36e-c03fd56ee88c','393','529510c6-233d-11e7-b36e-c03fd56ee88c','Qui aime et recherche l''aventure ; audacieux, téméraire','Aventureux',NULL,NULL,NULL);
INSERT INTO `question` VALUES ('9da9dfa6-6084-11e7-a7e0-484d7ee0cd26','3f1790cb-2343-11e7-b36e-c03fd56ee88c','24551cf0-5cb4-11e7-a11e-7a791928939c','f4c0c96f-2331-11e7-b36e-c03fd56ee88c','394','529510c6-233d-11e7-b36e-c03fd56ee88c','Qui se montre indulgent, gentil et attentionné envers autrui d’une manière désintéressée et compréhensive.','Bienveillant',NULL,NULL,NULL);
INSERT INTO `question` VALUES ('9da9edbf-6084-11e7-a7e0-484d7ee0cd26','3f1790cb-2343-11e7-b36e-c03fd56ee88c','24551cf0-5cb4-11e7-a11e-7a791928939c','f4c0c96f-2331-11e7-b36e-c03fd56ee88c','395','529510c6-233d-11e7-b36e-c03fd56ee88c','Remarquable, qui s''impose par son intelligence.','Brillant',NULL,NULL,NULL);
INSERT INTO `question` VALUES ('9da9f9e0-6084-11e7-a7e0-484d7ee0cd26','3f1790cb-2343-11e7-b36e-c03fd56ee88c','24551cf0-5cb4-11e7-a11e-7a791928939c','f4c0c96f-2331-11e7-b36e-c03fd56ee88c','396','529510c6-233d-11e7-b36e-c03fd56ee88c','Qui travaille avec acharnement.','Bûcheur',NULL,NULL,NULL);
INSERT INTO `question` VALUES ('9daa0611-6084-11e7-a7e0-484d7ee0cd26','3f1790cb-2343-11e7-b36e-c03fd56ee88c','24551cf0-5cb4-11e7-a11e-7a791928939c','f4c0c96f-2331-11e7-b36e-c03fd56ee88c','397','529510c6-233d-11e7-b36e-c03fd56ee88c','Qui est tranquille, montre de la maîtrise de soi, de la paix de l''esprit.','Calme',NULL,NULL,NULL);
INSERT INTO `question` VALUES ('9daa0b1e-6084-11e7-a7e0-484d7ee0cd26','3f1790cb-2343-11e7-b36e-c03fd56ee88c','24551cf0-5cb4-11e7-a11e-7a791928939c','f4c0c96f-2331-11e7-b36e-c03fd56ee88c','398','529510c6-233d-11e7-b36e-c03fd56ee88c','Qui possède la compétence pour.','Capable',NULL,NULL,NULL);
INSERT INTO `question` VALUES ('9daa0f1a-6084-11e7-a7e0-484d7ee0cd26','3f1790cb-2343-11e7-b36e-c03fd56ee88c','24551cf0-5cb4-11e7-a11e-7a791928939c','f4c0c96f-2331-11e7-b36e-c03fd56ee88c','399','529510c6-233d-11e7-b36e-c03fd56ee88c','Qui intéresse, séduit par une sorte de fascination irrésistible.','Captivant',NULL,NULL,NULL);
INSERT INTO `question` VALUES ('9daa1327-6084-11e7-a7e0-484d7ee0cd26','3f1790cb-2343-11e7-b36e-c03fd56ee88c','24551cf0-5cb4-11e7-a11e-7a791928939c','f4c0c96f-2331-11e7-b36e-c03fd56ee88c','400','529510c6-233d-11e7-b36e-c03fd56ee88c','Qui témoigne de la sympathie, de la cordialité','Chaleureux',NULL,NULL,NULL);
INSERT INTO `question` VALUES ('9daa1799-6084-11e7-a7e0-484d7ee0cd26','3f1790cb-2343-11e7-b36e-c03fd56ee88c','24551cf0-5cb4-11e7-a11e-7a791928939c','f4c0c96f-2331-11e7-b36e-c03fd56ee88c','401','529510c6-233d-11e7-b36e-c03fd56ee88c','Qui possède du charisme, c''est-à-dire une autorité, un ascendant naturel provoquant une forte adhésion chez les autres personnes.','Charismatique',NULL,NULL,NULL);
INSERT INTO `question` VALUES ('9daa1b22-6084-11e7-a7e0-484d7ee0cd26','3f1790cb-2343-11e7-b36e-c03fd56ee88c','24551cf0-5cb4-11e7-a11e-7a791928939c','f4c0c96f-2331-11e7-b36e-c03fd56ee88c','402','529510c6-233d-11e7-b36e-c03fd56ee88c','Qui a de la compassion pour son prochain.','Charitable',NULL,NULL,NULL);
INSERT INTO `question` VALUES ('9daa1edb-6084-11e7-a7e0-484d7ee0cd26','3f1790cb-2343-11e7-b36e-c03fd56ee88c','24551cf0-5cb4-11e7-a11e-7a791928939c','f4c0c96f-2331-11e7-b36e-c03fd56ee88c','403','529510c6-233d-11e7-b36e-c03fd56ee88c','Qui plaît, qui a beaucoup de charme.','Charmant',NULL,NULL,NULL);
INSERT INTO `question` VALUES ('9daa2280-6084-11e7-a7e0-484d7ee0cd26','3f1790cb-2343-11e7-b36e-c03fd56ee88c','24551cf0-5cb4-11e7-a11e-7a791928939c','f4c0c96f-2331-11e7-b36e-c03fd56ee88c','404','529510c6-233d-11e7-b36e-c03fd56ee88c','Personne qui aime charmer, séduire.','Charmeur',NULL,NULL,NULL);
INSERT INTO `question` VALUES ('9daa263c-6084-11e7-a7e0-484d7ee0cd26','3f1790cb-2343-11e7-b36e-c03fd56ee88c','24551cf0-5cb4-11e7-a11e-7a791928939c','f4c0c96f-2331-11e7-b36e-c03fd56ee88c','405','529510c6-233d-11e7-b36e-c03fd56ee88c','Personne qui aime charmer, séduire.','Combatif',NULL,NULL,NULL);
INSERT INTO `question` VALUES ('9daa29e5-6084-11e7-a7e0-484d7ee0cd26','3f1790cb-2343-11e7-b36e-c03fd56ee88c','24551cf0-5cb4-11e7-a11e-7a791928939c','f4c0c96f-2331-11e7-b36e-c03fd56ee88c','406','529510c6-233d-11e7-b36e-c03fd56ee88c','Qui fait rire','Comique',NULL,NULL,NULL);
INSERT INTO `question` VALUES ('9daa2d84-6084-11e7-a7e0-484d7ee0cd26','3f1790cb-2343-11e7-b36e-c03fd56ee88c','24551cf0-5cb4-11e7-a11e-7a791928939c','f4c0c96f-2331-11e7-b36e-c03fd56ee88c','407','529510c6-233d-11e7-b36e-c03fd56ee88c','Qui aime à communiquer avec ses semblables, à leur faire part de ses émotions, de ses projets, de ses connaissances.','Communicatif',NULL,NULL,NULL);
INSERT INTO `question` VALUES ('9daa3106-6084-11e7-a7e0-484d7ee0cd26','3f1790cb-2343-11e7-b36e-c03fd56ee88c','24551cf0-5cb4-11e7-a11e-7a791928939c','f4c0c96f-2331-11e7-b36e-c03fd56ee88c','408','529510c6-233d-11e7-b36e-c03fd56ee88c','Qui est sensible aux souffrances d''autrui','Compatissant',NULL,NULL,NULL);
INSERT INTO `question` VALUES ('9daa34af-6084-11e7-a7e0-484d7ee0cd26','3f1790cb-2343-11e7-b36e-c03fd56ee88c','24551cf0-5cb4-11e7-a11e-7a791928939c','f4c0c96f-2331-11e7-b36e-c03fd56ee88c','409','529510c6-233d-11e7-b36e-c03fd56ee88c','Qui a une connaissance approfondie d''une matière lui conférant la capacité d''en bien juger','Compétent',NULL,NULL,NULL);
INSERT INTO `question` VALUES ('9daa3a09-6084-11e7-a7e0-484d7ee0cd26','3f1790cb-2343-11e7-b36e-c03fd56ee88c','24551cf0-5cb4-11e7-a11e-7a791928939c','f4c0c96f-2331-11e7-b36e-c03fd56ee88c','410','529510c6-233d-11e7-b36e-c03fd56ee88c','Qui est capable de supporter la concurrence avec d''autres.','Compétitif',NULL,NULL,NULL);
INSERT INTO `question` VALUES ('9daa3daf-6084-11e7-a7e0-484d7ee0cd26','3f1790cb-2343-11e7-b36e-c03fd56ee88c','24551cf0-5cb4-11e7-a11e-7a791928939c','f4c0c96f-2331-11e7-b36e-c03fd56ee88c','411','529510c6-233d-11e7-b36e-c03fd56ee88c','Qui cherche à rendre service.','Complaisant',NULL,NULL,NULL);
INSERT INTO `question` VALUES ('9daa4167-6084-11e7-a7e0-484d7ee0cd26','3f1790cb-2343-11e7-b36e-c03fd56ee88c','24551cf0-5cb4-11e7-a11e-7a791928939c','f4c0c96f-2331-11e7-b36e-c03fd56ee88c','412','529510c6-233d-11e7-b36e-c03fd56ee88c','Qui peut comprendre autrui, qui fait preuve d''indulgence.','Compréhensif',NULL,NULL,NULL);
INSERT INTO `question` VALUES ('9daa451d-6084-11e7-a7e0-484d7ee0cd26','3f1790cb-2343-11e7-b36e-c03fd56ee88c','24551cf0-5cb4-11e7-a11e-7a791928939c','f4c0c96f-2331-11e7-b36e-c03fd56ee88c','413','529510c6-233d-11e7-b36e-c03fd56ee88c','Arrangeant, accommodant.','Conciliant',NULL,NULL,NULL);
INSERT INTO `question` VALUES ('9daa48d9-6084-11e7-a7e0-484d7ee0cd26','3f1790cb-2343-11e7-b36e-c03fd56ee88c','24551cf0-5cb4-11e7-a11e-7a791928939c','f4c0c96f-2331-11e7-b36e-c03fd56ee88c','414','529510c6-233d-11e7-b36e-c03fd56ee88c','Qui est par nature porté à faire confiance à autrui','Confiant',NULL,NULL,NULL);
INSERT INTO `question` VALUES ('9daa4c8b-6084-11e7-a7e0-484d7ee0cd26','3f1790cb-2343-11e7-b36e-c03fd56ee88c','24551cf0-5cb4-11e7-a11e-7a791928939c','f4c0c96f-2331-11e7-b36e-c03fd56ee88c','415','529510c6-233d-11e7-b36e-c03fd56ee88c','Qui remplit ses obligations avec soin.','Consciencieux',NULL,NULL,NULL);
INSERT INTO `question` VALUES ('9daa5034-6084-11e7-a7e0-484d7ee0cd26','3f1790cb-2343-11e7-b36e-c03fd56ee88c','24551cf0-5cb4-11e7-a11e-7a791928939c','f4c0c96f-2331-11e7-b36e-c03fd56ee88c','416','529510c6-233d-11e7-b36e-c03fd56ee88c','Qui persiste, qui fait preuve de persévérance.','Constant',NULL,NULL,NULL);
INSERT INTO `question` VALUES ('9daa53dd-6084-11e7-a7e0-484d7ee0cd26','3f1790cb-2343-11e7-b36e-c03fd56ee88c','24551cf0-5cb4-11e7-a11e-7a791928939c','f4c0c96f-2331-11e7-b36e-c03fd56ee88c','417','529510c6-233d-11e7-b36e-c03fd56ee88c','Qui se montre persuasif, éloquent','Convaincant',NULL,NULL,NULL);
INSERT INTO `question` VALUES ('a1c7726b-5d5f-11e7-a7e0-484d7ee0cd26','3c83f63b-2343-11e7-b36e-c03fd56ee88c','91c2ee2e-5c94-11e7-a11e-7a791928939c','f33bfd80-2331-11e7-b36e-c03fd56ee88c','7','529510c6-233d-11e7-b36e-c03fd56ee88c','Personne qui se met au service d''une autre pour l''aider','Aidant',NULL,NULL,NULL);
INSERT INTO `question` VALUES ('a48939c0-5fdb-11e7-a7e0-484d7ee0cd26','3c83f63b-2343-11e7-b36e-c03fd56ee88c','6001c111-5cb3-11e7-a11e-7a791928939c','f33bfd80-2331-11e7-b36e-c03fd56ee88c','304','529510c6-233d-11e7-b36e-c03fd56ee88c','Qui a une opinion avantageuse de lui-même et montre du dédain vis-à-vis d''autrui','Suffisant',NULL,NULL,NULL);
INSERT INTO `question` VALUES ('a48cd498-5fdb-11e7-a7e0-484d7ee0cd26','3c83f63b-2343-11e7-b36e-c03fd56ee88c','6001c111-5cb3-11e7-a11e-7a791928939c','f33bfd80-2331-11e7-b36e-c03fd56ee88c','305','529510c6-233d-11e7-b36e-c03fd56ee88c','Qui ne traduit pas les sentiments profonds, qui n''est qu''apparent','Superficiel',NULL,NULL,NULL);
INSERT INTO `question` VALUES ('a48cea19-5fdb-11e7-a7e0-484d7ee0cd26','3c83f63b-2343-11e7-b36e-c03fd56ee88c','6001c111-5cb3-11e7-a11e-7a791928939c','f33bfd80-2331-11e7-b36e-c03fd56ee88c','306','529510c6-233d-11e7-b36e-c03fd56ee88c','Qui se vexe, se froisse, s''offense aisément.','Susceptible',NULL,NULL,NULL);
INSERT INTO `question` VALUES ('a48cf737-5fdb-11e7-a7e0-484d7ee0cd26','3c83f63b-2343-11e7-b36e-c03fd56ee88c','6001c111-5cb3-11e7-a11e-7a791928939c','f33bfd80-2331-11e7-b36e-c03fd56ee88c','307','529510c6-233d-11e7-b36e-c03fd56ee88c','Qui fait preuve d''une minutie excessive, qui s''arrête aux moindres détails ','Tatillon',NULL,NULL,NULL);
INSERT INTO `question` VALUES ('a48d074b-5fdb-11e7-a7e0-484d7ee0cd26','3c83f63b-2343-11e7-b36e-c03fd56ee88c','6001c111-5cb3-11e7-a11e-7a791928939c','f33bfd80-2331-11e7-b36e-c03fd56ee88c','308','529510c6-233d-11e7-b36e-c03fd56ee88c','Obstiné, opiniâtre, qui est excessivement attaché à ses opinions.','Têtu',NULL,NULL,NULL);
INSERT INTO `question` VALUES ('a48d148d-5fdb-11e7-a7e0-484d7ee0cd26','3c83f63b-2343-11e7-b36e-c03fd56ee88c','6001c111-5cb3-11e7-a11e-7a791928939c','f33bfd80-2331-11e7-b36e-c03fd56ee88c','309','529510c6-233d-11e7-b36e-c03fd56ee88c','Qui manque d''assurance, d''audace.','Timide',NULL,NULL,NULL);
INSERT INTO `question` VALUES ('a48d253e-5fdb-11e7-a7e0-484d7ee0cd26','3c83f63b-2343-11e7-b36e-c03fd56ee88c','6001c111-5cb3-11e7-a11e-7a791928939c','f33bfd80-2331-11e7-b36e-c03fd56ee88c','310','529510c6-233d-11e7-b36e-c03fd56ee88c','Qui est grave, austère, qui n''est jamais porté à rire','Triste',NULL,NULL,NULL);
INSERT INTO `question` VALUES ('a48d2b2f-5fdb-11e7-a7e0-484d7ee0cd26','3c83f63b-2343-11e7-b36e-c03fd56ee88c','6001c111-5cb3-11e7-a11e-7a791928939c','f33bfd80-2331-11e7-b36e-c03fd56ee88c','311','529510c6-233d-11e7-b36e-c03fd56ee88c','Qui s''admire soi-même et demande l''admiration des autres pour ses qualités réelles ou supposées.','Vaniteux',NULL,NULL,NULL);
INSERT INTO `question` VALUES ('a48d3acc-5fdb-11e7-a7e0-484d7ee0cd26','3c83f63b-2343-11e7-b36e-c03fd56ee88c','6001c111-5cb3-11e7-a11e-7a791928939c','f33bfd80-2331-11e7-b36e-c03fd56ee88c','312','529510c6-233d-11e7-b36e-c03fd56ee88c','Qui change facilement d''opinion, qui est sujet à des volte-face subites','Versatile',NULL,NULL,NULL);
INSERT INTO `question` VALUES ('a48d4382-5fdb-11e7-a7e0-484d7ee0cd26','3c83f63b-2343-11e7-b36e-c03fd56ee88c','6001c111-5cb3-11e7-a11e-7a791928939c','f33bfd80-2331-11e7-b36e-c03fd56ee88c','313','529510c6-233d-11e7-b36e-c03fd56ee88c','Qui manque d''éducation, de délicatesse, qui fait preuve de grossièreté','Vulgaire',NULL,NULL,NULL);
INSERT INTO `question` VALUES ('a4a82c9a-5d60-11e7-a7e0-484d7ee0cd26','3c83f63b-2343-11e7-b36e-c03fd56ee88c','91c2ee2e-5c94-11e7-a11e-7a791928939c','f33bfd80-2331-11e7-b36e-c03fd56ee88c','15','529510c6-233d-11e7-b36e-c03fd56ee88c','Qui suscite de la bienveillance.','Attachant',NULL,NULL,NULL);
INSERT INTO `question` VALUES ('ac627cc3-607d-11e7-a7e0-484d7ee0cd26','3f1790cb-2343-11e7-b36e-c03fd56ee88c','1f935fc4-5cb4-11e7-a11e-7a791928939c','f4c0c96f-2331-11e7-b36e-c03fd56ee88c','371','21c4d400-233e-11e7-b36e-c03fd56ee88c','Quel animal êtes-vous?',NULL,NULL,NULL,NULL);
INSERT INTO `question` VALUES ('ae4a23fa-5d8a-11e7-a7e0-484d7ee0cd26','3c83f63b-2343-11e7-b36e-c03fd56ee88c','91c2ee2e-5c94-11e7-a11e-7a791928939c','f33bfd80-2331-11e7-b36e-c03fd56ee88c','41','529510c6-233d-11e7-b36e-c03fd56ee88c','Qui cherche à rendre service.','Complaisant',NULL,NULL,NULL);
INSERT INTO `question` VALUES ('ae4b6202-5d8a-11e7-a7e0-484d7ee0cd26','3c83f63b-2343-11e7-b36e-c03fd56ee88c','91c2ee2e-5c94-11e7-a11e-7a791928939c','f33bfd80-2331-11e7-b36e-c03fd56ee88c','42','529510c6-233d-11e7-b36e-c03fd56ee88c','Qui peut comprendre autrui, qui fait preuve d''indulgence.','Compréhensif',NULL,NULL,NULL);
INSERT INTO `question` VALUES ('ae4b6658-5d8a-11e7-a7e0-484d7ee0cd26','3c83f63b-2343-11e7-b36e-c03fd56ee88c','91c2ee2e-5c94-11e7-a11e-7a791928939c','f33bfd80-2331-11e7-b36e-c03fd56ee88c','43','529510c6-233d-11e7-b36e-c03fd56ee88c','Arrangeant, accommodant.','Conciliant',NULL,NULL,NULL);
INSERT INTO `question` VALUES ('ae4b6a0b-5d8a-11e7-a7e0-484d7ee0cd26','3c83f63b-2343-11e7-b36e-c03fd56ee88c','91c2ee2e-5c94-11e7-a11e-7a791928939c','f33bfd80-2331-11e7-b36e-c03fd56ee88c','44','529510c6-233d-11e7-b36e-c03fd56ee88c','Qui est par nature porté à faire confiance à autrui','Confiant',NULL,NULL,NULL);
INSERT INTO `question` VALUES ('ae4b6dd7-5d8a-11e7-a7e0-484d7ee0cd26','3c83f63b-2343-11e7-b36e-c03fd56ee88c','91c2ee2e-5c94-11e7-a11e-7a791928939c','f33bfd80-2331-11e7-b36e-c03fd56ee88c','45','529510c6-233d-11e7-b36e-c03fd56ee88c','Qui remplit ses obligations avec soin.','Consciencieux',NULL,NULL,NULL);
INSERT INTO `question` VALUES ('ae4b7163-5d8a-11e7-a7e0-484d7ee0cd26','3c83f63b-2343-11e7-b36e-c03fd56ee88c','91c2ee2e-5c94-11e7-a11e-7a791928939c','f33bfd80-2331-11e7-b36e-c03fd56ee88c','46','529510c6-233d-11e7-b36e-c03fd56ee88c','Qui persiste, qui fait preuve de persévérance.','Constant',NULL,NULL,NULL);
INSERT INTO `question` VALUES ('ae4b7656-5d8a-11e7-a7e0-484d7ee0cd26','3c83f63b-2343-11e7-b36e-c03fd56ee88c','91c2ee2e-5c94-11e7-a11e-7a791928939c','f33bfd80-2331-11e7-b36e-c03fd56ee88c','47','529510c6-233d-11e7-b36e-c03fd56ee88c','Qui se montre persuasif, éloquent','Convaincant',NULL,NULL,NULL);
INSERT INTO `question` VALUES ('ae4b7a38-5d8a-11e7-a7e0-484d7ee0cd26','3c83f63b-2343-11e7-b36e-c03fd56ee88c','91c2ee2e-5c94-11e7-a11e-7a791928939c','f33bfd80-2331-11e7-b36e-c03fd56ee88c','48','529510c6-233d-11e7-b36e-c03fd56ee88c','Qui participe volontiers à un effort commun','Coopératif',NULL,NULL,NULL);
INSERT INTO `question` VALUES ('ae4b7e92-5d8a-11e7-a7e0-484d7ee0cd26','3c83f63b-2343-11e7-b36e-c03fd56ee88c','91c2ee2e-5c94-11e7-a11e-7a791928939c','f33bfd80-2331-11e7-b36e-c03fd56ee88c','49','529510c6-233d-11e7-b36e-c03fd56ee88c','Qui a du courage, de la fermeté, de l''ardeur, de l''énergie au travail','Courageux',NULL,NULL,NULL);
INSERT INTO `question` VALUES ('ae4b831b-5d8a-11e7-a7e0-484d7ee0cd26','3c83f63b-2343-11e7-b36e-c03fd56ee88c','91c2ee2e-5c94-11e7-a11e-7a791928939c','f33bfd80-2331-11e7-b36e-c03fd56ee88c','50','529510c6-233d-11e7-b36e-c03fd56ee88c','Qui est d''une politesse raffinée, d''une grande correction.','Courtois',NULL,NULL,NULL);
INSERT INTO `question` VALUES ('ae4b8701-5d8a-11e7-a7e0-484d7ee0cd26','3c83f63b-2343-11e7-b36e-c03fd56ee88c','91c2ee2e-5c94-11e7-a11e-7a791928939c','f33bfd80-2331-11e7-b36e-c03fd56ee88c','51','529510c6-233d-11e7-b36e-c03fd56ee88c',' Personne qui est douée de qualités inventives. ','Créatif',NULL,NULL,NULL);
INSERT INTO `question` VALUES ('ae4b8b26-5d8a-11e7-a7e0-484d7ee0cd26','3c83f63b-2343-11e7-b36e-c03fd56ee88c','91c2ee2e-5c94-11e7-a11e-7a791928939c','f33bfd80-2331-11e7-b36e-c03fd56ee88c','52','529510c6-233d-11e7-b36e-c03fd56ee88c','Qui donne un jugement, une appréciation.','Critique',NULL,NULL,NULL);
INSERT INTO `question` VALUES ('ae4b8ed9-5d8a-11e7-a7e0-484d7ee0cd26','3c83f63b-2343-11e7-b36e-c03fd56ee88c','91c2ee2e-5c94-11e7-a11e-7a791928939c','f33bfd80-2331-11e7-b36e-c03fd56ee88c','53','529510c6-233d-11e7-b36e-c03fd56ee88c','Qui a envie de voir, de savoir, d''apprendre.','Curieux',NULL,NULL,NULL);
INSERT INTO `question` VALUES ('ae4b928e-5d8a-11e7-a7e0-484d7ee0cd26','3c83f63b-2343-11e7-b36e-c03fd56ee88c','91c2ee2e-5c94-11e7-a11e-7a791928939c','f33bfd80-2331-11e7-b36e-c03fd56ee88c','54','529510c6-233d-11e7-b36e-c03fd56ee88c','Personne astucieuse, qui sait se débrouiller.','Débrouillard',NULL,NULL,NULL);
INSERT INTO `question` VALUES ('ae4b9621-5d8a-11e7-a7e0-484d7ee0cd26','3c83f63b-2343-11e7-b36e-c03fd56ee88c','91c2ee2e-5c94-11e7-a11e-7a791928939c','f33bfd80-2331-11e7-b36e-c03fd56ee88c','55','529510c6-233d-11e7-b36e-c03fd56ee88c','Prendre un parti, déterminer une issue, conduire quelque chose à un résultat définitif.','Décidé',NULL,NULL,NULL);
INSERT INTO `question` VALUES ('ae4b99f6-5d8a-11e7-a7e0-484d7ee0cd26','3c83f63b-2343-11e7-b36e-c03fd56ee88c','91c2ee2e-5c94-11e7-a11e-7a791928939c','f33bfd80-2331-11e7-b36e-c03fd56ee88c','56','529510c6-233d-11e7-b36e-c03fd56ee88c','Être dépourvu de tout formalisme ; ne pas être guindé','Décontracté',NULL,NULL,NULL);
INSERT INTO `question` VALUES ('ae508290-5d8a-11e7-a7e0-484d7ee0cd26','3c83f63b-2343-11e7-b36e-c03fd56ee88c','91c2ee2e-5c94-11e7-a11e-7a791928939c','f33bfd80-2331-11e7-b36e-c03fd56ee88c','57','529510c6-233d-11e7-b36e-c03fd56ee88c','Être ferme, décidé, résolu','Déterminé',NULL,NULL,NULL);
INSERT INTO `question` VALUES ('ae508760-5d8a-11e7-a7e0-484d7ee0cd26','3c83f63b-2343-11e7-b36e-c03fd56ee88c','91c2ee2e-5c94-11e7-a11e-7a791928939c','f33bfd80-2331-11e7-b36e-c03fd56ee88c','58','529510c6-233d-11e7-b36e-c03fd56ee88c','Être plein de zèle, ne pas hésiter à rendre service','Dévoué',NULL,NULL,NULL);
INSERT INTO `question` VALUES ('ae508b8c-5d8a-11e7-a7e0-484d7ee0cd26','3c83f63b-2343-11e7-b36e-c03fd56ee88c','91c2ee2e-5c94-11e7-a11e-7a791928939c','f33bfd80-2331-11e7-b36e-c03fd56ee88c','59','529510c6-233d-11e7-b36e-c03fd56ee88c','Qui, pour ses qualités, ses actes, mérite quelque chose, appelle telle attitude, telle action','Digne de confiance',NULL,NULL,NULL);
INSERT INTO `question` VALUES ('ae508fc5-5d8a-11e7-a7e0-484d7ee0cd26','3c83f63b-2343-11e7-b36e-c03fd56ee88c','91c2ee2e-5c94-11e7-a11e-7a791928939c','f33bfd80-2331-11e7-b36e-c03fd56ee88c','60','529510c6-233d-11e7-b36e-c03fd56ee88c','Qui est fin, adroit, habile à négocier, à conduire une affaire','Diplomate',NULL,NULL,NULL);
INSERT INTO `question` VALUES ('ae509375-5d8a-11e7-a7e0-484d7ee0cd26','3c83f63b-2343-11e7-b36e-c03fd56ee88c','91c2ee2e-5c94-11e7-a11e-7a791928939c','f33bfd80-2331-11e7-b36e-c03fd56ee88c','61','529510c6-233d-11e7-b36e-c03fd56ee88c','Qui est franc, sans détour, net','Direct',NULL,NULL,NULL);
INSERT INTO `question` VALUES ('ae50973a-5d8a-11e7-a7e0-484d7ee0cd26','3c83f63b-2343-11e7-b36e-c03fd56ee88c','91c2ee2e-5c94-11e7-a11e-7a791928939c','f33bfd80-2331-11e7-b36e-c03fd56ee88c','62','529510c6-233d-11e7-b36e-c03fd56ee88c','Qui obéit aux règles.','Discipliné',NULL,NULL,NULL);
INSERT INTO `question` VALUES ('ae509ae3-5d8a-11e7-a7e0-484d7ee0cd26','3c83f63b-2343-11e7-b36e-c03fd56ee88c','91c2ee2e-5c94-11e7-a11e-7a791928939c','f33bfd80-2331-11e7-b36e-c03fd56ee88c','63','529510c6-233d-11e7-b36e-c03fd56ee88c','Réservé, qui fait preuve de retenue.','Discret',NULL,NULL,NULL);
INSERT INTO `question` VALUES ('ae58ebbf-5fc1-11e7-a7e0-484d7ee0cd26','3c83f63b-2343-11e7-b36e-c03fd56ee88c','6001c111-5cb3-11e7-a11e-7a791928939c','f33bfd80-2331-11e7-b36e-c03fd56ee88c','219','529510c6-233d-11e7-b36e-c03fd56ee88c','Se dit d''une personne vulgaire, malpolie. ','Grossier',NULL,NULL,NULL);
INSERT INTO `question` VALUES ('b807fcda-6143-11e7-a7e0-484d7ee0cd26','3f1790cb-2343-11e7-b36e-c03fd56ee88c','7296fd4a-5cb4-11e7-a11e-7a791928939c','f4c0c96f-2331-11e7-b36e-c03fd56ee88c','735','976b4ccc-5cb0-11e7-a11e-7a791928939c',NULL,'l''orgueil',NULL,NULL,NULL);
INSERT INTO `question` VALUES ('b809be70-6143-11e7-a7e0-484d7ee0cd26','3f1790cb-2343-11e7-b36e-c03fd56ee88c','7296fd4a-5cb4-11e7-a11e-7a791928939c','f4c0c96f-2331-11e7-b36e-c03fd56ee88c','736','976b4ccc-5cb0-11e7-a11e-7a791928939c',NULL,'la compréhension',NULL,NULL,NULL);
INSERT INTO `question` VALUES ('b809ccec-6143-11e7-a7e0-484d7ee0cd26','3f1790cb-2343-11e7-b36e-c03fd56ee88c','7296fd4a-5cb4-11e7-a11e-7a791928939c','f4c0c96f-2331-11e7-b36e-c03fd56ee88c','737','976b4ccc-5cb0-11e7-a11e-7a791928939c',NULL,'la réussite',NULL,NULL,NULL);
INSERT INTO `question` VALUES ('b809d8e7-6143-11e7-a7e0-484d7ee0cd26','3f1790cb-2343-11e7-b36e-c03fd56ee88c','7296fd4a-5cb4-11e7-a11e-7a791928939c','f4c0c96f-2331-11e7-b36e-c03fd56ee88c','738','976b4ccc-5cb0-11e7-a11e-7a791928939c',NULL,'la nouveauté',NULL,NULL,NULL);
INSERT INTO `question` VALUES ('b809e384-6143-11e7-a7e0-484d7ee0cd26','3f1790cb-2343-11e7-b36e-c03fd56ee88c','7296fd4a-5cb4-11e7-a11e-7a791928939c','f4c0c96f-2331-11e7-b36e-c03fd56ee88c','739','976b4ccc-5cb0-11e7-a11e-7a791928939c',NULL,'l''argent',NULL,NULL,NULL);
INSERT INTO `question` VALUES ('b809eb43-6143-11e7-a7e0-484d7ee0cd26','3f1790cb-2343-11e7-b36e-c03fd56ee88c','7296fd4a-5cb4-11e7-a11e-7a791928939c','f4c0c96f-2331-11e7-b36e-c03fd56ee88c','740','976b4ccc-5cb0-11e7-a11e-7a791928939c',NULL,'la réalisation de soi',NULL,NULL,NULL);
INSERT INTO `question` VALUES ('bf69ca94-60b4-11e7-a7e0-484d7ee0cd26','3f1790cb-2343-11e7-b36e-c03fd56ee88c','4a06bf6d-5cb4-11e7-a11e-7a791928939c','f4c0c96f-2331-11e7-b36e-c03fd56ee88c','700','d2cccf4b-233d-11e7-b36e-c03fd56ee88c',NULL,'parler de soi',NULL,NULL,NULL);
INSERT INTO `question` VALUES ('bf6dd2b4-60b4-11e7-a7e0-484d7ee0cd26','3f1790cb-2343-11e7-b36e-c03fd56ee88c','4a06bf6d-5cb4-11e7-a11e-7a791928939c','f4c0c96f-2331-11e7-b36e-c03fd56ee88c','701','d2cccf4b-233d-11e7-b36e-c03fd56ee88c',NULL,'plaisanter',NULL,NULL,NULL);
INSERT INTO `question` VALUES ('bf730fd8-60b4-11e7-a7e0-484d7ee0cd26','3f1790cb-2343-11e7-b36e-c03fd56ee88c','4a06bf6d-5cb4-11e7-a11e-7a791928939c','f4c0c96f-2331-11e7-b36e-c03fd56ee88c','702','d2cccf4b-233d-11e7-b36e-c03fd56ee88c',NULL,'questionner',NULL,NULL,NULL);
INSERT INTO `question` VALUES ('bf731ac2-60b4-11e7-a7e0-484d7ee0cd26','3f1790cb-2343-11e7-b36e-c03fd56ee88c','4a06bf6d-5cb4-11e7-a11e-7a791928939c','f4c0c96f-2331-11e7-b36e-c03fd56ee88c','703','d2cccf4b-233d-11e7-b36e-c03fd56ee88c',NULL,'reconnaitre les émotions des autres',NULL,NULL,NULL);
INSERT INTO `question` VALUES ('bf73258f-60b4-11e7-a7e0-484d7ee0cd26','3f1790cb-2343-11e7-b36e-c03fd56ee88c','4a06bf6d-5cb4-11e7-a11e-7a791928939c','f4c0c96f-2331-11e7-b36e-c03fd56ee88c','704','d2cccf4b-233d-11e7-b36e-c03fd56ee88c',NULL,'reformuler',NULL,NULL,NULL);
INSERT INTO `question` VALUES ('bf732c90-60b4-11e7-a7e0-484d7ee0cd26','3f1790cb-2343-11e7-b36e-c03fd56ee88c','4a06bf6d-5cb4-11e7-a11e-7a791928939c','f4c0c96f-2331-11e7-b36e-c03fd56ee88c','705','d2cccf4b-233d-11e7-b36e-c03fd56ee88c',NULL,'remercier, donner de la gratitude',NULL,NULL,NULL);
INSERT INTO `question` VALUES ('bf733358-60b4-11e7-a7e0-484d7ee0cd26','3f1790cb-2343-11e7-b36e-c03fd56ee88c','4a06bf6d-5cb4-11e7-a11e-7a791928939c','f4c0c96f-2331-11e7-b36e-c03fd56ee88c','706','d2cccf4b-233d-11e7-b36e-c03fd56ee88c',NULL,'savoir dire non',NULL,NULL,NULL);
INSERT INTO `question` VALUES ('bf733c2e-60b4-11e7-a7e0-484d7ee0cd26','3f1790cb-2343-11e7-b36e-c03fd56ee88c','4a06bf6d-5cb4-11e7-a11e-7a791928939c','f4c0c96f-2331-11e7-b36e-c03fd56ee88c','707','d2cccf4b-233d-11e7-b36e-c03fd56ee88c',NULL,'s''ouvrir aux autres',NULL,NULL,NULL);
INSERT INTO `question` VALUES ('bf7347eb-60b4-11e7-a7e0-484d7ee0cd26','3f1790cb-2343-11e7-b36e-c03fd56ee88c','4a06bf6d-5cb4-11e7-a11e-7a791928939c','f4c0c96f-2331-11e7-b36e-c03fd56ee88c','708','d2cccf4b-233d-11e7-b36e-c03fd56ee88c',NULL,'gérer des conflits',NULL,NULL,NULL);
INSERT INTO `question` VALUES ('bf734f00-60b4-11e7-a7e0-484d7ee0cd26','3f1790cb-2343-11e7-b36e-c03fd56ee88c','4a06bf6d-5cb4-11e7-a11e-7a791928939c','f4c0c96f-2331-11e7-b36e-c03fd56ee88c','709','d2cccf4b-233d-11e7-b36e-c03fd56ee88c',NULL,'savoir décider',NULL,NULL,NULL);
INSERT INTO `question` VALUES ('bf735494-60b4-11e7-a7e0-484d7ee0cd26','3f1790cb-2343-11e7-b36e-c03fd56ee88c','4a06bf6d-5cb4-11e7-a11e-7a791928939c','f4c0c96f-2331-11e7-b36e-c03fd56ee88c','710','d2cccf4b-233d-11e7-b36e-c03fd56ee88c',NULL,'prendre contact/entrer en relation avec les autres',NULL,NULL,NULL);
INSERT INTO `question` VALUES ('bf735ee7-60b4-11e7-a7e0-484d7ee0cd26','3f1790cb-2343-11e7-b36e-c03fd56ee88c','4a06bf6d-5cb4-11e7-a11e-7a791928939c','f4c0c96f-2331-11e7-b36e-c03fd56ee88c','711','d2cccf4b-233d-11e7-b36e-c03fd56ee88c',NULL,'savoir encourager',NULL,NULL,NULL);
INSERT INTO `question` VALUES ('bf7365e8-60b4-11e7-a7e0-484d7ee0cd26','3f1790cb-2343-11e7-b36e-c03fd56ee88c','4a06bf6d-5cb4-11e7-a11e-7a791928939c','f4c0c96f-2331-11e7-b36e-c03fd56ee88c','712','d2cccf4b-233d-11e7-b36e-c03fd56ee88c',NULL,'faire preuve d''optimisme',NULL,NULL,NULL);
INSERT INTO `question` VALUES ('bf73708c-60b4-11e7-a7e0-484d7ee0cd26','3f1790cb-2343-11e7-b36e-c03fd56ee88c','4a06bf6d-5cb4-11e7-a11e-7a791928939c','f4c0c96f-2331-11e7-b36e-c03fd56ee88c','713','d2cccf4b-233d-11e7-b36e-c03fd56ee88c',NULL,'accepter les critiques',NULL,NULL,NULL);
INSERT INTO `question` VALUES ('bf737b2c-60b4-11e7-a7e0-484d7ee0cd26','3f1790cb-2343-11e7-b36e-c03fd56ee88c','4a06bf6d-5cb4-11e7-a11e-7a791928939c','f4c0c96f-2331-11e7-b36e-c03fd56ee88c','714','d2cccf4b-233d-11e7-b36e-c03fd56ee88c',NULL,'reconnaitre ses erreurs',NULL,NULL,NULL);
INSERT INTO `question` VALUES ('c098efe3-60af-11e7-a7e0-484d7ee0cd26','3f1790cb-2343-11e7-b36e-c03fd56ee88c','29c8ffa7-5cb4-11e7-a11e-7a791928939c','f4c0c96f-2331-11e7-b36e-c03fd56ee88c','587','529510c6-233d-11e7-b36e-c03fd56ee88c','Qui a des façons trop libres.','Familier',NULL,NULL,NULL);
INSERT INTO `question` VALUES ('c09b1a32-60af-11e7-a7e0-484d7ee0cd26','3f1790cb-2343-11e7-b36e-c03fd56ee88c','29c8ffa7-5cb4-11e7-a11e-7a791928939c','f4c0c96f-2331-11e7-b36e-c03fd56ee88c','588','529510c6-233d-11e7-b36e-c03fd56ee88c','Qui paraît indifférent, impassible.','Froid',NULL,NULL,NULL);
INSERT INTO `question` VALUES ('c09b2fdd-60af-11e7-a7e0-484d7ee0cd26','3f1790cb-2343-11e7-b36e-c03fd56ee88c','29c8ffa7-5cb4-11e7-a11e-7a791928939c','f4c0c96f-2331-11e7-b36e-c03fd56ee88c','589','529510c6-233d-11e7-b36e-c03fd56ee88c','Se dit d''une personne vulgaire, malpolie.','Grossier',NULL,NULL,NULL);
INSERT INTO `question` VALUES ('c09b4014-60af-11e7-a7e0-484d7ee0cd26','3f1790cb-2343-11e7-b36e-c03fd56ee88c','29c8ffa7-5cb4-11e7-a11e-7a791928939c','f4c0c96f-2331-11e7-b36e-c03fd56ee88c','590','529510c6-233d-11e7-b36e-c03fd56ee88c','Dédaigneux, fier, qui se sent supérieur aux autres et qui les prend de haut, les méprise.','Hautain',NULL,NULL,NULL);
INSERT INTO `question` VALUES ('c09b4f8b-60af-11e7-a7e0-484d7ee0cd26','3f1790cb-2343-11e7-b36e-c03fd56ee88c','29c8ffa7-5cb4-11e7-a11e-7a791928939c','f4c0c96f-2331-11e7-b36e-c03fd56ee88c','591','529510c6-233d-11e7-b36e-c03fd56ee88c','Qui manque d''assurance.','Hésitant',NULL,NULL,NULL);
INSERT INTO `question` VALUES ('c09b5f55-60af-11e7-a7e0-484d7ee0cd26','3f1790cb-2343-11e7-b36e-c03fd56ee88c','29c8ffa7-5cb4-11e7-a11e-7a791928939c','f4c0c96f-2331-11e7-b36e-c03fd56ee88c','592','529510c6-233d-11e7-b36e-c03fd56ee88c','Qui humilie, cause de la honte.','Humiliant',NULL,NULL,NULL);
INSERT INTO `question` VALUES ('c09b6e55-60af-11e7-a7e0-484d7ee0cd26','3f1790cb-2343-11e7-b36e-c03fd56ee88c','29c8ffa7-5cb4-11e7-a11e-7a791928939c','f4c0c96f-2331-11e7-b36e-c03fd56ee88c','593','529510c6-233d-11e7-b36e-c03fd56ee88c','Qui dissimule ses sentiments, ses pensées, sa véritable personnalité.','Hypocrite',NULL,NULL,NULL);
INSERT INTO `question` VALUES ('c09b7f13-60af-11e7-a7e0-484d7ee0cd26','3f1790cb-2343-11e7-b36e-c03fd56ee88c','29c8ffa7-5cb4-11e7-a11e-7a791928939c','f4c0c96f-2331-11e7-b36e-c03fd56ee88c','594','529510c6-233d-11e7-b36e-c03fd56ee88c','S''applique aux personnes prétentieuses, qui sont remplies d''amour propre et d''autosatisfaction.','Imbu de lui-même',NULL,NULL,NULL);
INSERT INTO `question` VALUES ('c09b88bc-60af-11e7-a7e0-484d7ee0cd26','3f1790cb-2343-11e7-b36e-c03fd56ee88c','29c8ffa7-5cb4-11e7-a11e-7a791928939c','f4c0c96f-2331-11e7-b36e-c03fd56ee88c','595','529510c6-233d-11e7-b36e-c03fd56ee88c','Qui n''a pas atteint la maturité physiologique ou qui manque de maturité intellectuelle, affective.','Immature',NULL,NULL,NULL);
INSERT INTO `question` VALUES ('c09b8f3d-60af-11e7-a7e0-484d7ee0cd26','3f1790cb-2343-11e7-b36e-c03fd56ee88c','29c8ffa7-5cb4-11e7-a11e-7a791928939c','f4c0c96f-2331-11e7-b36e-c03fd56ee88c','596','529510c6-233d-11e7-b36e-c03fd56ee88c','Qui est pressé, manque de patience.','Impatient',NULL,NULL,NULL);
INSERT INTO `question` VALUES ('c09b971c-60af-11e7-a7e0-484d7ee0cd26','3f1790cb-2343-11e7-b36e-c03fd56ee88c','29c8ffa7-5cb4-11e7-a11e-7a791928939c','f4c0c96f-2331-11e7-b36e-c03fd56ee88c','597','529510c6-233d-11e7-b36e-c03fd56ee88c','Qui est dépourvu de prudence, qui agit d''une manière irréfléchie','Imprudent',NULL,NULL,NULL);
INSERT INTO `question` VALUES ('c09ba001-60af-11e7-a7e0-484d7ee0cd26','3f1790cb-2343-11e7-b36e-c03fd56ee88c','29c8ffa7-5cb4-11e7-a11e-7a791928939c','f4c0c96f-2331-11e7-b36e-c03fd56ee88c','598','529510c6-233d-11e7-b36e-c03fd56ee88c','Qui agit selon ses impulsions, sans réfléchir.','Impulsif',NULL,NULL,NULL);
INSERT INTO `question` VALUES ('c09ba3b1-60af-11e7-a7e0-484d7ee0cd26','3f1790cb-2343-11e7-b36e-c03fd56ee88c','29c8ffa7-5cb4-11e7-a11e-7a791928939c','f4c0c96f-2331-11e7-b36e-c03fd56ee88c','599','529510c6-233d-11e7-b36e-c03fd56ee88c','Diffile à aborder, à comprendre.','Inaccessible',NULL,NULL,NULL);
INSERT INTO `question` VALUES ('c09ba8a0-60af-11e7-a7e0-484d7ee0cd26','3f1790cb-2343-11e7-b36e-c03fd56ee88c','29c8ffa7-5cb4-11e7-a11e-7a791928939c','f4c0c96f-2331-11e7-b36e-c03fd56ee88c','600','529510c6-233d-11e7-b36e-c03fd56ee88c','Qui témoigne d''un manque d''attention. Distrait.','Inattentif',NULL,NULL,NULL);
INSERT INTO `question` VALUES ('c09badb7-60af-11e7-a7e0-484d7ee0cd26','3f1790cb-2343-11e7-b36e-c03fd56ee88c','29c8ffa7-5cb4-11e7-a11e-7a791928939c','f4c0c96f-2331-11e7-b36e-c03fd56ee88c','601','529510c6-233d-11e7-b36e-c03fd56ee88c','Qui varie souvent dans ses opinions, ses sentiments, ses résolutions, et, en particulier, qui manque de fidélité dans ses attachements, ses affections ; infidèle, versatile','Inconstant',NULL,NULL,NULL);
INSERT INTO `question` VALUES ('c09bb260-60af-11e7-a7e0-484d7ee0cd26','3f1790cb-2343-11e7-b36e-c03fd56ee88c','29c8ffa7-5cb4-11e7-a11e-7a791928939c','f4c0c96f-2331-11e7-b36e-c03fd56ee88c','602','529510c6-233d-11e7-b36e-c03fd56ee88c','Qui a du mal à choisir, à se décider.','Indécis',NULL,NULL,NULL);
INSERT INTO `question` VALUES ('c09bb619-60af-11e7-a7e0-484d7ee0cd26','3f1790cb-2343-11e7-b36e-c03fd56ee88c','29c8ffa7-5cb4-11e7-a11e-7a791928939c','f4c0c96f-2331-11e7-b36e-c03fd56ee88c','603','529510c6-233d-11e7-b36e-c03fd56ee88c','Qui cherche à connaître avec une insistance choquante ce qu''on ne tient pas à dévoiler. Qui cherche à connaître avec une insistance choquante ce qu''on ne tient pas à dévoiler.','Indiscret',NULL,NULL,NULL);
INSERT INTO `question` VALUES ('c09bbb06-60af-11e7-a7e0-484d7ee0cd26','3f1790cb-2343-11e7-b36e-c03fd56ee88c','29c8ffa7-5cb4-11e7-a11e-7a791928939c','f4c0c96f-2331-11e7-b36e-c03fd56ee88c','604','529510c6-233d-11e7-b36e-c03fd56ee88c','Qui n''est pas satisfait. Inassouvi.','Insatisfait',NULL,NULL,NULL);
INSERT INTO `question` VALUES ('c09bbfd2-60af-11e7-a7e0-484d7ee0cd26','3f1790cb-2343-11e7-b36e-c03fd56ee88c','29c8ffa7-5cb4-11e7-a11e-7a791928939c','f4c0c96f-2331-11e7-b36e-c03fd56ee88c','605','529510c6-233d-11e7-b36e-c03fd56ee88c','Qui manifeste un esprit qui ne se soucie de rien.','Insouciant',NULL,NULL,NULL);
INSERT INTO `question` VALUES ('c09bc4d9-60af-11e7-a7e0-484d7ee0cd26','3f1790cb-2343-11e7-b36e-c03fd56ee88c','29c8ffa7-5cb4-11e7-a11e-7a791928939c','f4c0c96f-2331-11e7-b36e-c03fd56ee88c','606','529510c6-233d-11e7-b36e-c03fd56ee88c','Se dit d''une personne qui est instable affectivement ou psychologiquement.','Instable',NULL,NULL,NULL);
INSERT INTO `question` VALUES ('c09bc8f2-60af-11e7-a7e0-484d7ee0cd26','3f1790cb-2343-11e7-b36e-c03fd56ee88c','29c8ffa7-5cb4-11e7-a11e-7a791928939c','f4c0c96f-2331-11e7-b36e-c03fd56ee88c','607','529510c6-233d-11e7-b36e-c03fd56ee88c','Qui ne peut supporter certaines choses, certaines personnes.','Intolérant',NULL,NULL,NULL);
INSERT INTO `question` VALUES ('c09bccab-60af-11e7-a7e0-484d7ee0cd26','3f1790cb-2343-11e7-b36e-c03fd56ee88c','29c8ffa7-5cb4-11e7-a11e-7a791928939c','f4c0c96f-2331-11e7-b36e-c03fd56ee88c','608','529510c6-233d-11e7-b36e-c03fd56ee88c','Qui n''admet pas de compromis, incapable de faire des concessions en vue d''un compris.','Intransigeant',NULL,NULL,NULL);
INSERT INTO `question` VALUES ('c09bd161-60af-11e7-a7e0-484d7ee0cd26','3f1790cb-2343-11e7-b36e-c03fd56ee88c','29c8ffa7-5cb4-11e7-a11e-7a791928939c','f4c0c96f-2331-11e7-b36e-c03fd56ee88c','609','529510c6-233d-11e7-b36e-c03fd56ee88c','Ironique signifie qui fait preuve d''ironie. Ce terme qualifie des propos ou un comportement ironique. C''est-à-dire qu''une personne donne un sens caché à ses propos, souvent moqueurs ou à l''opposé de ce qui est énoncé.','Ironique',NULL,NULL,NULL);
INSERT INTO `question` VALUES ('c09bd614-60af-11e7-a7e0-484d7ee0cd26','3f1790cb-2343-11e7-b36e-c03fd56ee88c','29c8ffa7-5cb4-11e7-a11e-7a791928939c','f4c0c96f-2331-11e7-b36e-c03fd56ee88c','610','529510c6-233d-11e7-b36e-c03fd56ee88c','Qui manque du sens du réel, de réalisme','Irréaliste',NULL,NULL,NULL);
INSERT INTO `question` VALUES ('c09bdaed-60af-11e7-a7e0-484d7ee0cd26','3f1790cb-2343-11e7-b36e-c03fd56ee88c','29c8ffa7-5cb4-11e7-a11e-7a791928939c','f4c0c96f-2331-11e7-b36e-c03fd56ee88c','611','529510c6-233d-11e7-b36e-c03fd56ee88c','Qui n''est pas respectueux, qui manque de respect.','Irrespectueux',NULL,NULL,NULL);
INSERT INTO `question` VALUES ('c09be702-60af-11e7-a7e0-484d7ee0cd26','3f1790cb-2343-11e7-b36e-c03fd56ee88c','29c8ffa7-5cb4-11e7-a11e-7a791928939c','f4c0c96f-2331-11e7-b36e-c03fd56ee88c','612','529510c6-233d-11e7-b36e-c03fd56ee88c','Qui n''est pas capable de répondre de ses actes, de sa conduite','Irresponsable',NULL,NULL,NULL);
INSERT INTO `question` VALUES ('c09beffe-60af-11e7-a7e0-484d7ee0cd26','3f1790cb-2343-11e7-b36e-c03fd56ee88c','29c8ffa7-5cb4-11e7-a11e-7a791928939c','f4c0c96f-2331-11e7-b36e-c03fd56ee88c','613','529510c6-233d-11e7-b36e-c03fd56ee88c','Qui éprouve un vif sentiment d''envie devant l''avantage, le succès, le bien de quelqu''un d''autre','Jaloux',NULL,NULL,NULL);
INSERT INTO `question` VALUES ('c09bf8d1-60af-11e7-a7e0-484d7ee0cd26','3f1790cb-2343-11e7-b36e-c03fd56ee88c','29c8ffa7-5cb4-11e7-a11e-7a791928939c','f4c0c96f-2331-11e7-b36e-c03fd56ee88c','614','529510c6-233d-11e7-b36e-c03fd56ee88c','Attitude de quelqu''un qui est excessivement indulgent, tolérant','Laxiste',NULL,NULL,NULL);
INSERT INTO `question` VALUES ('c09bffc2-60af-11e7-a7e0-484d7ee0cd26','3f1790cb-2343-11e7-b36e-c03fd56ee88c','29c8ffa7-5cb4-11e7-a11e-7a791928939c','f4c0c96f-2331-11e7-b36e-c03fd56ee88c','615','529510c6-233d-11e7-b36e-c03fd56ee88c','Qui met du temps à agir.','Lent',NULL,NULL,NULL);
INSERT INTO `question` VALUES ('c09c097e-60af-11e7-a7e0-484d7ee0cd26','3f1790cb-2343-11e7-b36e-c03fd56ee88c','29c8ffa7-5cb4-11e7-a11e-7a791928939c','f4c0c96f-2331-11e7-b36e-c03fd56ee88c','616','529510c6-233d-11e7-b36e-c03fd56ee88c','Lunatique qualifie une personne dont l''esprit est changeant, dont l''humeur varie souvent et de manière soudaine. Capricieux.','Lunatique',NULL,NULL,NULL);
INSERT INTO `question` VALUES ('c09c1623-60af-11e7-a7e0-484d7ee0cd26','3f1790cb-2343-11e7-b36e-c03fd56ee88c','29c8ffa7-5cb4-11e7-a11e-7a791928939c','f4c0c96f-2331-11e7-b36e-c03fd56ee88c','617','529510c6-233d-11e7-b36e-c03fd56ee88c','Etat d''une personne qui éprouve de la gêne dans une situation particulière ou embarrassante.','Mal à l''aise',NULL,NULL,NULL);
INSERT INTO `question` VALUES ('c09c1c94-60af-11e7-a7e0-484d7ee0cd26','3f1790cb-2343-11e7-b36e-c03fd56ee88c','29c8ffa7-5cb4-11e7-a11e-7a791928939c','f4c0c96f-2331-11e7-b36e-c03fd56ee88c','618','529510c6-233d-11e7-b36e-c03fd56ee88c','Qui a reçu une mauvaise éducation, impoli.','Mal élevé',NULL,NULL,NULL);
INSERT INTO `question` VALUES ('c09c20d7-60af-11e7-a7e0-484d7ee0cd26','3f1790cb-2343-11e7-b36e-c03fd56ee88c','29c8ffa7-5cb4-11e7-a11e-7a791928939c','f4c0c96f-2331-11e7-b36e-c03fd56ee88c','619','529510c6-233d-11e7-b36e-c03fd56ee88c','Qui manque de finesse d''esprit, de diplomatie ou de sens de l''opportunité.','Maladroit',NULL,NULL,NULL);
INSERT INTO `question` VALUES ('c09c2627-60af-11e7-a7e0-484d7ee0cd26','3f1790cb-2343-11e7-b36e-c03fd56ee88c','29c8ffa7-5cb4-11e7-a11e-7a791928939c','f4c0c96f-2331-11e7-b36e-c03fd56ee88c','620','529510c6-233d-11e7-b36e-c03fd56ee88c','Personne qui manque d''honnêteté.','Malhonnête',NULL,NULL,NULL);
INSERT INTO `question` VALUES ('c09c2cc8-60af-11e7-a7e0-484d7ee0cd26','3f1790cb-2343-11e7-b36e-c03fd56ee88c','29c8ffa7-5cb4-11e7-a11e-7a791928939c','f4c0c96f-2331-11e7-b36e-c03fd56ee88c','621','529510c6-233d-11e7-b36e-c03fd56ee88c','Personne qui a des manies, qui prend grand soin des choses.','Maniaque',NULL,NULL,NULL);
INSERT INTO `question` VALUES ('c09c3111-60af-11e7-a7e0-484d7ee0cd26','3f1790cb-2343-11e7-b36e-c03fd56ee88c','29c8ffa7-5cb4-11e7-a11e-7a791928939c','f4c0c96f-2331-11e7-b36e-c03fd56ee88c','622','529510c6-233d-11e7-b36e-c03fd56ee88c','Personne utilisant et détournant certaines règles et normes sociales partagées pour son profit personnel','Manipulateur',NULL,NULL,NULL);
INSERT INTO `question` VALUES ('c09c34ea-60af-11e7-a7e0-484d7ee0cd26','3f1790cb-2343-11e7-b36e-c03fd56ee88c','29c8ffa7-5cb4-11e7-a11e-7a791928939c','f4c0c96f-2331-11e7-b36e-c03fd56ee88c','623','529510c6-233d-11e7-b36e-c03fd56ee88c','Qui manifeste la volonté de nuire, la malveillance','Méchant',NULL,NULL,NULL);
INSERT INTO `question` VALUES ('c0a3cd42-60af-11e7-a7e0-484d7ee0cd26','3f1790cb-2343-11e7-b36e-c03fd56ee88c','29c8ffa7-5cb4-11e7-a11e-7a791928939c','f4c0c96f-2331-11e7-b36e-c03fd56ee88c','624','529510c6-233d-11e7-b36e-c03fd56ee88c','Critiquer, dire du mal d''une personne par méchanceté ou légèreté.','Médisant',NULL,NULL,NULL);
INSERT INTO `question` VALUES ('c0a3d950-60af-11e7-a7e0-484d7ee0cd26','3f1790cb-2343-11e7-b36e-c03fd56ee88c','29c8ffa7-5cb4-11e7-a11e-7a791928939c','f4c0c96f-2331-11e7-b36e-c03fd56ee88c','625','529510c6-233d-11e7-b36e-c03fd56ee88c','Se dit de quelqu''un, de son comportement, qui se méfie :','Méfiant',NULL,NULL,NULL);
INSERT INTO `question` VALUES ('c0a3e52e-60af-11e7-a7e0-484d7ee0cd26','3f1790cb-2343-11e7-b36e-c03fd56ee88c','29c8ffa7-5cb4-11e7-a11e-7a791928939c','f4c0c96f-2331-11e7-b36e-c03fd56ee88c','626','529510c6-233d-11e7-b36e-c03fd56ee88c','Qui induit en erreur, ne dit pas la vérité.','Menteur',NULL,NULL,NULL);
INSERT INTO `question` VALUES ('c0a3f2bd-60af-11e7-a7e0-484d7ee0cd26','3f1790cb-2343-11e7-b36e-c03fd56ee88c','29c8ffa7-5cb4-11e7-a11e-7a791928939c','f4c0c96f-2331-11e7-b36e-c03fd56ee88c','627','529510c6-233d-11e7-b36e-c03fd56ee88c','Qui montre du mépris, sentiment par lequel on juge une personne indigne d''estime, d''intérêt.','Méprisant',NULL,NULL,NULL);
INSERT INTO `question` VALUES ('c0a3ff5c-60af-11e7-a7e0-484d7ee0cd26','3f1790cb-2343-11e7-b36e-c03fd56ee88c','29c8ffa7-5cb4-11e7-a11e-7a791928939c','f4c0c96f-2331-11e7-b36e-c03fd56ee88c','628','529510c6-233d-11e7-b36e-c03fd56ee88c','Qui s''attache à ce qui est petit, médiocre, aux détails infimes sans considération de l''ensemble; qui manque de grandeur, d''élévation, de générosité.','Mesquin',NULL,NULL,NULL);
INSERT INTO `question` VALUES ('c0a40b13-60af-11e7-a7e0-484d7ee0cd26','3f1790cb-2343-11e7-b36e-c03fd56ee88c','29c8ffa7-5cb4-11e7-a11e-7a791928939c','f4c0c96f-2331-11e7-b36e-c03fd56ee88c','629','529510c6-233d-11e7-b36e-c03fd56ee88c','Enclin, porté à la moquerie, à la raillerie; qui a l''habitude de se moquer','Moqueur',NULL,NULL,NULL);
INSERT INTO `question` VALUES ('c0a41973-60af-11e7-a7e0-484d7ee0cd26','3f1790cb-2343-11e7-b36e-c03fd56ee88c','29c8ffa7-5cb4-11e7-a11e-7a791928939c','f4c0c96f-2331-11e7-b36e-c03fd56ee88c','630','529510c6-233d-11e7-b36e-c03fd56ee88c','Qui manque de vigueur.','Mou',NULL,NULL,NULL);
INSERT INTO `question` VALUES ('c0a4253b-60af-11e7-a7e0-484d7ee0cd26','3f1790cb-2343-11e7-b36e-c03fd56ee88c','29c8ffa7-5cb4-11e7-a11e-7a791928939c','f4c0c96f-2331-11e7-b36e-c03fd56ee88c','631','529510c6-233d-11e7-b36e-c03fd56ee88c','Qui a une tendance pathologique au mensonge et à la fabulation','Mythomane',NULL,NULL,NULL);
INSERT INTO `question` VALUES ('c0a43172-60af-11e7-a7e0-484d7ee0cd26','3f1790cb-2343-11e7-b36e-c03fd56ee88c','29c8ffa7-5cb4-11e7-a11e-7a791928939c','f4c0c96f-2331-11e7-b36e-c03fd56ee88c','632','529510c6-233d-11e7-b36e-c03fd56ee88c','D''une crédulité excessive.','Naïf',NULL,NULL,NULL);
INSERT INTO `question` VALUES ('c0a43bc9-60af-11e7-a7e0-484d7ee0cd26','3f1790cb-2343-11e7-b36e-c03fd56ee88c','29c8ffa7-5cb4-11e7-a11e-7a791928939c','f4c0c96f-2331-11e7-b36e-c03fd56ee88c','633','529510c6-233d-11e7-b36e-c03fd56ee88c','Relatif au narcissisme, à l''admiration de soi-même. Amour excessif porté à l''image de soi.','Narcissique',NULL,NULL,NULL);
INSERT INTO `question` VALUES ('c0a4443b-60af-11e7-a7e0-484d7ee0cd26','3f1790cb-2343-11e7-b36e-c03fd56ee88c','29c8ffa7-5cb4-11e7-a11e-7a791928939c','f4c0c96f-2331-11e7-b36e-c03fd56ee88c','634','529510c6-233d-11e7-b36e-c03fd56ee88c','Dépourvu de qualités positives, réelles, présentes.','Négatif',NULL,NULL,NULL);
INSERT INTO `question` VALUES ('c0b976a1-5d5f-11e7-a7e0-484d7ee0cd26','3c83f63b-2343-11e7-b36e-c03fd56ee88c','91c2ee2e-5c94-11e7-a11e-7a791928939c','f33bfd80-2331-11e7-b36e-c03fd56ee88c','8','529510c6-233d-11e7-b36e-c03fd56ee88c','Qui, par sa politesse, sa gentillesse, son désir de faire plaisir, s''attire la sympathie d''autrui','Aimable',NULL,NULL,NULL);
INSERT INTO `question` VALUES ('c39b90e7-5d60-11e7-a7e0-484d7ee0cd26','3c83f63b-2343-11e7-b36e-c03fd56ee88c','91c2ee2e-5c94-11e7-a11e-7a791928939c','f33bfd80-2331-11e7-b36e-c03fd56ee88c','16','529510c6-233d-11e7-b36e-c03fd56ee88c','Qui montre de l''attention.','Attentif',NULL,NULL,NULL);
INSERT INTO `question` VALUES ('c41cdfaf-5fe4-11e7-a7e0-484d7ee0cd26','3c83f63b-2343-11e7-b36e-c03fd56ee88c','08247b0d-5cb4-11e7-a11e-7a791928939c','f33bfd80-2331-11e7-b36e-c03fd56ee88c','369','976b4ccc-5cb0-11e7-a11e-7a791928939c',NULL,'l''argent',NULL,NULL,NULL);
INSERT INTO `question` VALUES ('c41e1d74-5fe4-11e7-a7e0-484d7ee0cd26','3c83f63b-2343-11e7-b36e-c03fd56ee88c','08247b0d-5cb4-11e7-a11e-7a791928939c','f33bfd80-2331-11e7-b36e-c03fd56ee88c','370','976b4ccc-5cb0-11e7-a11e-7a791928939c',NULL,'la réalisation de soi',NULL,NULL,NULL);
INSERT INTO `question` VALUES ('c77e0183-6095-11e7-a7e0-484d7ee0cd26','3f1790cb-2343-11e7-b36e-c03fd56ee88c','24551cf0-5cb4-11e7-a11e-7a791928939c','f4c0c96f-2331-11e7-b36e-c03fd56ee88c','499','529510c6-233d-11e7-b36e-c03fd56ee88c','Qui s''assure à l''avance des conséquences de ce qui va ou ce qui peut arriver.','Prévoyant',NULL,NULL,NULL);
INSERT INTO `question` VALUES ('c77f3ec8-6095-11e7-a7e0-484d7ee0cd26','3f1790cb-2343-11e7-b36e-c03fd56ee88c','24551cf0-5cb4-11e7-a11e-7a791928939c','f4c0c96f-2331-11e7-b36e-c03fd56ee88c','500','529510c6-233d-11e7-b36e-c03fd56ee88c','Qui produit, qui crée','Productif',NULL,NULL,NULL);
INSERT INTO `question` VALUES ('c77f522e-6095-11e7-a7e0-484d7ee0cd26','3f1790cb-2343-11e7-b36e-c03fd56ee88c','24551cf0-5cb4-11e7-a11e-7a791928939c','f4c0c96f-2331-11e7-b36e-c03fd56ee88c','501','529510c6-233d-11e7-b36e-c03fd56ee88c','Qui fait preuve de circonspection dans ses actes, de grande attention dans les situations qui comportent des dangers','Prudent',NULL,NULL,NULL);
INSERT INTO `question` VALUES ('c77f61bb-6095-11e7-a7e0-484d7ee0cd26','3f1790cb-2343-11e7-b36e-c03fd56ee88c','24551cf0-5cb4-11e7-a11e-7a791928939c','f4c0c96f-2331-11e7-b36e-c03fd56ee88c','502','529510c6-233d-11e7-b36e-c03fd56ee88c','Qui pense, agit selon la raison, le bon sens, la mesure et la réflexion','Raisonnable',NULL,NULL,NULL);
INSERT INTO `question` VALUES ('c77f7101-6095-11e7-a7e0-484d7ee0cd26','3f1790cb-2343-11e7-b36e-c03fd56ee88c','24551cf0-5cb4-11e7-a11e-7a791928939c','f4c0c96f-2331-11e7-b36e-c03fd56ee88c','503','529510c6-233d-11e7-b36e-c03fd56ee88c','Qui tranquillise','Rassurant',NULL,NULL,NULL);
INSERT INTO `question` VALUES ('c77f7e27-6095-11e7-a7e0-484d7ee0cd26','3f1790cb-2343-11e7-b36e-c03fd56ee88c','24551cf0-5cb4-11e7-a11e-7a791928939c','f4c0c96f-2331-11e7-b36e-c03fd56ee88c','504','529510c6-233d-11e7-b36e-c03fd56ee88c','Qui paraît logique, raisonnable, conforme au bon sens ; qui raisonne avec justesse','Rationnel',NULL,NULL,NULL);
INSERT INTO `question` VALUES ('c77f886d-6095-11e7-a7e0-484d7ee0cd26','3f1790cb-2343-11e7-b36e-c03fd56ee88c','24551cf0-5cb4-11e7-a11e-7a791928939c','f4c0c96f-2331-11e7-b36e-c03fd56ee88c','505','529510c6-233d-11e7-b36e-c03fd56ee88c','Qui prend en compte la réalité des choses.','Réaliste',NULL,NULL,NULL);
INSERT INTO `question` VALUES ('c7813d48-6095-11e7-a7e0-484d7ee0cd26','3f1790cb-2343-11e7-b36e-c03fd56ee88c','24551cf0-5cb4-11e7-a11e-7a791928939c','f4c0c96f-2331-11e7-b36e-c03fd56ee88c','506','529510c6-233d-11e7-b36e-c03fd56ee88c','Ouvert, sensible à quelque chose ou quelqu''un.','Réceptif',NULL,NULL,NULL);
INSERT INTO `question` VALUES ('c7814d35-6095-11e7-a7e0-484d7ee0cd26','3f1790cb-2343-11e7-b36e-c03fd56ee88c','24551cf0-5cb4-11e7-a11e-7a791928939c','f4c0c96f-2331-11e7-b36e-c03fd56ee88c','507','529510c6-233d-11e7-b36e-c03fd56ee88c','Qui console, encourage, rassure','Réconfortant',NULL,NULL,NULL);
INSERT INTO `question` VALUES ('c7815c6c-6095-11e7-a7e0-484d7ee0cd26','3f1790cb-2343-11e7-b36e-c03fd56ee88c','24551cf0-5cb4-11e7-a11e-7a791928939c','f4c0c96f-2331-11e7-b36e-c03fd56ee88c','508','529510c6-233d-11e7-b36e-c03fd56ee88c','Qui éprouve de la gratitude.','Reconnaissant',NULL,NULL,NULL);
INSERT INTO `question` VALUES ('c7816c29-6095-11e7-a7e0-484d7ee0cd26','3f1790cb-2343-11e7-b36e-c03fd56ee88c','24551cf0-5cb4-11e7-a11e-7a791928939c','f4c0c96f-2331-11e7-b36e-c03fd56ee88c','509','529510c6-233d-11e7-b36e-c03fd56ee88c','Posé, qui agit avec réflexion.','Réfléchi',NULL,NULL,NULL);
INSERT INTO `question` VALUES ('c7817c00-6095-11e7-a7e0-484d7ee0cd26','3f1790cb-2343-11e7-b36e-c03fd56ee88c','24551cf0-5cb4-11e7-a11e-7a791928939c','f4c0c96f-2331-11e7-b36e-c03fd56ee88c','510','529510c6-233d-11e7-b36e-c03fd56ee88c','Déterminé, confiant et sûr de soi, disposé à prendre une résolution.','Résolu',NULL,NULL,NULL);
INSERT INTO `question` VALUES ('c7818a16-6095-11e7-a7e0-484d7ee0cd26','3f1790cb-2343-11e7-b36e-c03fd56ee88c','24551cf0-5cb4-11e7-a11e-7a791928939c','f4c0c96f-2331-11e7-b36e-c03fd56ee88c','511','529510c6-233d-11e7-b36e-c03fd56ee88c','Qui témoigne, qui éprouve du respect, de la considération pour quelqu''un','Respectueux',NULL,NULL,NULL);
INSERT INTO `question` VALUES ('c7819661-6095-11e7-a7e0-484d7ee0cd26','3f1790cb-2343-11e7-b36e-c03fd56ee88c','24551cf0-5cb4-11e7-a11e-7a791928939c','f4c0c96f-2331-11e7-b36e-c03fd56ee88c','512','529510c6-233d-11e7-b36e-c03fd56ee88c','Qui est réfléchi, sérieux, qui prend en considération les conséquences de ses actes','Responsable',NULL,NULL,NULL);
INSERT INTO `question` VALUES ('c781a19b-6095-11e7-a7e0-484d7ee0cd26','3f1790cb-2343-11e7-b36e-c03fd56ee88c','24551cf0-5cb4-11e7-a11e-7a791928939c','f4c0c96f-2331-11e7-b36e-c03fd56ee88c','513','529510c6-233d-11e7-b36e-c03fd56ee88c','Qui fait preuve de précision, se caractérise par une logique, une rigueur parfaite, une exactitude sans défaut','Rigoureux',NULL,NULL,NULL);
INSERT INTO `question` VALUES ('c781adf6-6095-11e7-a7e0-484d7ee0cd26','3f1790cb-2343-11e7-b36e-c03fd56ee88c','24551cf0-5cb4-11e7-a11e-7a791928939c','f4c0c96f-2331-11e7-b36e-c03fd56ee88c','514','529510c6-233d-11e7-b36e-c03fd56ee88c','Qui fait preuve de sûreté dans ses jugements et sa conduite','sage',NULL,NULL,NULL);
INSERT INTO `question` VALUES ('c781ba24-6095-11e7-a7e0-484d7ee0cd26','3f1790cb-2343-11e7-b36e-c03fd56ee88c','24551cf0-5cb4-11e7-a11e-7a791928939c','f4c0c96f-2331-11e7-b36e-c03fd56ee88c','515','529510c6-233d-11e7-b36e-c03fd56ee88c','Qui éprouve facilement des émotions, des sentiments, notamment de pitié, de compassion','Sensible',NULL,NULL,NULL);
INSERT INTO `question` VALUES ('c781bf44-6095-11e7-a7e0-484d7ee0cd26','3f1790cb-2343-11e7-b36e-c03fd56ee88c','24551cf0-5cb4-11e7-a11e-7a791928939c','f4c0c96f-2331-11e7-b36e-c03fd56ee88c','516','529510c6-233d-11e7-b36e-c03fd56ee88c','Qui n''est agité par aucun trouble, qui est exempt de passion, d''angoisse','Serein',NULL,NULL,NULL);
INSERT INTO `question` VALUES ('c781c49e-6095-11e7-a7e0-484d7ee0cd26','3f1790cb-2343-11e7-b36e-c03fd56ee88c','24551cf0-5cb4-11e7-a11e-7a791928939c','f4c0c96f-2331-11e7-b36e-c03fd56ee88c','517','529510c6-233d-11e7-b36e-c03fd56ee88c','Qui attache de l''importance à ce qu''il dit ou fait, respecte ses engagements, agit conformément à ce qu''on attend de lui, avec attention, soin','Sérieux',NULL,NULL,NULL);
INSERT INTO `question` VALUES ('c781c928-6095-11e7-a7e0-484d7ee0cd26','3f1790cb-2343-11e7-b36e-c03fd56ee88c','24551cf0-5cb4-11e7-a11e-7a791928939c','f4c0c96f-2331-11e7-b36e-c03fd56ee88c','518','529510c6-233d-11e7-b36e-c03fd56ee88c','Qui rend volontiers service','Serviable',NULL,NULL,NULL);
INSERT INTO `question` VALUES ('c781ce3e-6095-11e7-a7e0-484d7ee0cd26','3f1790cb-2343-11e7-b36e-c03fd56ee88c','24551cf0-5cb4-11e7-a11e-7a791928939c','f4c0c96f-2331-11e7-b36e-c03fd56ee88c','519','529510c6-233d-11e7-b36e-c03fd56ee88c','Qui exprime, sans les déguiser, ses pensées et ses sentiments','Sincère',NULL,NULL,NULL);
INSERT INTO `question` VALUES ('c781d609-6095-11e7-a7e0-484d7ee0cd26','3f1790cb-2343-11e7-b36e-c03fd56ee88c','24551cf0-5cb4-11e7-a11e-7a791928939c','f4c0c96f-2331-11e7-b36e-c03fd56ee88c','520','529510c6-233d-11e7-b36e-c03fd56ee88c','Qui se lie facilement aux autres et avec qui il est agréable de vivre','Sociable',NULL,NULL,NULL);
INSERT INTO `question` VALUES ('c781d9bc-6095-11e7-a7e0-484d7ee0cd26','3f1790cb-2343-11e7-b36e-c03fd56ee88c','24551cf0-5cb4-11e7-a11e-7a791928939c','f4c0c96f-2331-11e7-b36e-c03fd56ee88c','521','529510c6-233d-11e7-b36e-c03fd56ee88c','Qui apporte du soin et de l''attention à ce qu''il fait.','Soigneux',NULL,NULL,NULL);
INSERT INTO `question` VALUES ('c781de38-6095-11e7-a7e0-484d7ee0cd26','3f1790cb-2343-11e7-b36e-c03fd56ee88c','24551cf0-5cb4-11e7-a11e-7a791928939c','f4c0c96f-2331-11e7-b36e-c03fd56ee88c','522','529510c6-233d-11e7-b36e-c03fd56ee88c','Qui manifeste sa joie, sa bonne humeur, son amabilité par un sourire','Souriant',NULL,NULL,NULL);
INSERT INTO `question` VALUES ('c781e385-6095-11e7-a7e0-484d7ee0cd26','3f1790cb-2343-11e7-b36e-c03fd56ee88c','24551cf0-5cb4-11e7-a11e-7a791928939c','f4c0c96f-2331-11e7-b36e-c03fd56ee88c','523','529510c6-233d-11e7-b36e-c03fd56ee88c','Se dit de quelqu''un dont la conduite est marquée par la constance, la permanence','Stable',NULL,NULL,NULL);
INSERT INTO `question` VALUES ('c781e84f-6095-11e7-a7e0-484d7ee0cd26','3f1790cb-2343-11e7-b36e-c03fd56ee88c','24551cf0-5cb4-11e7-a11e-7a791928939c','f4c0c96f-2331-11e7-b36e-c03fd56ee88c','524','529510c6-233d-11e7-b36e-c03fd56ee88c','Qui est de nature à redonner de l''énergie, du courage à quelqu''un, à soutenir sa volonté','Stimulant',NULL,NULL,NULL);
INSERT INTO `question` VALUES ('c781ed58-6095-11e7-a7e0-484d7ee0cd26','3f1790cb-2343-11e7-b36e-c03fd56ee88c','24551cf0-5cb4-11e7-a11e-7a791928939c','f4c0c96f-2331-11e7-b36e-c03fd56ee88c','525','529510c6-233d-11e7-b36e-c03fd56ee88c','Qui conçoit avec compétence, habileté la manière de mener une action pour qu''elle porte au mieux ses fruits','Stratège',NULL,NULL,NULL);
INSERT INTO `question` VALUES ('c781f12b-6095-11e7-a7e0-484d7ee0cd26','3f1790cb-2343-11e7-b36e-c03fd56ee88c','24551cf0-5cb4-11e7-a11e-7a791928939c','f4c0c96f-2331-11e7-b36e-c03fd56ee88c','526','529510c6-233d-11e7-b36e-c03fd56ee88c','Personne en qui on peut avoir confiance, sur qui on peut compter,','Sûr de soi',NULL,NULL,NULL);
INSERT INTO `question` VALUES ('c781f802-6095-11e7-a7e0-484d7ee0cd26','3f1790cb-2343-11e7-b36e-c03fd56ee88c','24551cf0-5cb4-11e7-a11e-7a791928939c','f4c0c96f-2331-11e7-b36e-c03fd56ee88c','527','529510c6-233d-11e7-b36e-c03fd56ee88c','Qui inspire un sentiment de sympathie, d''amitié ','Sympathique',NULL,NULL,NULL);
INSERT INTO `question` VALUES ('c781fd02-6095-11e7-a7e0-484d7ee0cd26','3f1790cb-2343-11e7-b36e-c03fd56ee88c','24551cf0-5cb4-11e7-a11e-7a791928939c','f4c0c96f-2331-11e7-b36e-c03fd56ee88c','528','529510c6-233d-11e7-b36e-c03fd56ee88c','Qui est très attaché à ses idées, qui poursuit avec opiniâtreté ses desseins','Tenace',NULL,NULL,NULL);
INSERT INTO `question` VALUES ('c7820b8c-6095-11e7-a7e0-484d7ee0cd26','3f1790cb-2343-11e7-b36e-c03fd56ee88c','24551cf0-5cb4-11e7-a11e-7a791928939c','f4c0c96f-2331-11e7-b36e-c03fd56ee88c','529','529510c6-233d-11e7-b36e-c03fd56ee88c','Qui admet chez les autres des manières de penser et de vivre différentes des siennes propres.','Tolérant',NULL,NULL,NULL);
INSERT INTO `question` VALUES ('c7820f17-6095-11e7-a7e0-484d7ee0cd26','3f1790cb-2343-11e7-b36e-c03fd56ee88c','24551cf0-5cb4-11e7-a11e-7a791928939c','f4c0c96f-2331-11e7-b36e-c03fd56ee88c','530','529510c6-233d-11e7-b36e-c03fd56ee88c','Qui a un comportement paisible','Tranquille',NULL,NULL,NULL);
INSERT INTO `question` VALUES ('c8fc2218-5d88-11e7-a7e0-484d7ee0cd26','3c83f63b-2343-11e7-b36e-c03fd56ee88c','91c2ee2e-5c94-11e7-a11e-7a791928939c','f33bfd80-2331-11e7-b36e-c03fd56ee88c','28','529510c6-233d-11e7-b36e-c03fd56ee88c','Qui possède la compétence pour.','Capable',NULL,NULL,NULL);
INSERT INTO `question` VALUES ('c8ff68ea-5d88-11e7-a7e0-484d7ee0cd26','3c83f63b-2343-11e7-b36e-c03fd56ee88c','91c2ee2e-5c94-11e7-a11e-7a791928939c','f33bfd80-2331-11e7-b36e-c03fd56ee88c','29','529510c6-233d-11e7-b36e-c03fd56ee88c','Qui intéresse, séduit par une sorte de fascination irrésistible.','Captivant',NULL,NULL,NULL);
INSERT INTO `question` VALUES ('c8ff6de7-5d88-11e7-a7e0-484d7ee0cd26','3c83f63b-2343-11e7-b36e-c03fd56ee88c','91c2ee2e-5c94-11e7-a11e-7a791928939c','f33bfd80-2331-11e7-b36e-c03fd56ee88c','30','529510c6-233d-11e7-b36e-c03fd56ee88c','Qui témoigne de la sympathie, de la cordialité','Chaleureux',NULL,NULL,NULL);
INSERT INTO `question` VALUES ('c8ff71e6-5d88-11e7-a7e0-484d7ee0cd26','3c83f63b-2343-11e7-b36e-c03fd56ee88c','91c2ee2e-5c94-11e7-a11e-7a791928939c','f33bfd80-2331-11e7-b36e-c03fd56ee88c','31','529510c6-233d-11e7-b36e-c03fd56ee88c','Qui possède du charisme, c''est-à-dire une autorité, un ascendant naturel provoquant une forte adhésion chez les autres personnes.','Charismatique',NULL,NULL,NULL);
INSERT INTO `question` VALUES ('c8ff77b1-5d88-11e7-a7e0-484d7ee0cd26','3c83f63b-2343-11e7-b36e-c03fd56ee88c','91c2ee2e-5c94-11e7-a11e-7a791928939c','f33bfd80-2331-11e7-b36e-c03fd56ee88c','32','529510c6-233d-11e7-b36e-c03fd56ee88c','Qui a de la compassion pour son prochain.','Charitable',NULL,NULL,NULL);
INSERT INTO `question` VALUES ('c8ff7d24-5d88-11e7-a7e0-484d7ee0cd26','3c83f63b-2343-11e7-b36e-c03fd56ee88c','91c2ee2e-5c94-11e7-a11e-7a791928939c','f33bfd80-2331-11e7-b36e-c03fd56ee88c','33','529510c6-233d-11e7-b36e-c03fd56ee88c','Qui plaît, qui a beaucoup de charme.','Charmant',NULL,NULL,NULL);
INSERT INTO `question` VALUES ('c8ff858d-5d88-11e7-a7e0-484d7ee0cd26','3c83f63b-2343-11e7-b36e-c03fd56ee88c','91c2ee2e-5c94-11e7-a11e-7a791928939c','f33bfd80-2331-11e7-b36e-c03fd56ee88c','34','529510c6-233d-11e7-b36e-c03fd56ee88c','Personne qui aime charmer, séduire.','Charmeur',NULL,NULL,NULL);
INSERT INTO `question` VALUES ('c8ff89a9-5d88-11e7-a7e0-484d7ee0cd26','3c83f63b-2343-11e7-b36e-c03fd56ee88c','91c2ee2e-5c94-11e7-a11e-7a791928939c','f33bfd80-2331-11e7-b36e-c03fd56ee88c','35','529510c6-233d-11e7-b36e-c03fd56ee88c',' Personne qui aime charmer, séduire. ','Combatif',NULL,NULL,NULL);
INSERT INTO `question` VALUES ('c8ff8d48-5d88-11e7-a7e0-484d7ee0cd26','3c83f63b-2343-11e7-b36e-c03fd56ee88c','91c2ee2e-5c94-11e7-a11e-7a791928939c','f33bfd80-2331-11e7-b36e-c03fd56ee88c','36','529510c6-233d-11e7-b36e-c03fd56ee88c','Qui fait rire','Comique',NULL,NULL,NULL);
INSERT INTO `question` VALUES ('c8ff917b-5d88-11e7-a7e0-484d7ee0cd26','3c83f63b-2343-11e7-b36e-c03fd56ee88c','91c2ee2e-5c94-11e7-a11e-7a791928939c','f33bfd80-2331-11e7-b36e-c03fd56ee88c','37','529510c6-233d-11e7-b36e-c03fd56ee88c','Qui aime à communiquer avec ses semblables, à leur faire part de ses émotions, de ses projets, de ses connaissances.','Communicatif',NULL,NULL,NULL);
INSERT INTO `question` VALUES ('c8ff9513-5d88-11e7-a7e0-484d7ee0cd26','3c83f63b-2343-11e7-b36e-c03fd56ee88c','91c2ee2e-5c94-11e7-a11e-7a791928939c','f33bfd80-2331-11e7-b36e-c03fd56ee88c','38','529510c6-233d-11e7-b36e-c03fd56ee88c','Qui est sensible aux souffrances d''autrui','Compatissant',NULL,NULL,NULL);
INSERT INTO `question` VALUES ('c8ff98ac-5d88-11e7-a7e0-484d7ee0cd26','3c83f63b-2343-11e7-b36e-c03fd56ee88c','91c2ee2e-5c94-11e7-a11e-7a791928939c','f33bfd80-2331-11e7-b36e-c03fd56ee88c','39','529510c6-233d-11e7-b36e-c03fd56ee88c','Qui a une connaissance approfondie d''une matière lui conférant la capacité d''en bien juger','Compétent',NULL,NULL,NULL);
INSERT INTO `question` VALUES ('c8ff9c2b-5d88-11e7-a7e0-484d7ee0cd26','3c83f63b-2343-11e7-b36e-c03fd56ee88c','91c2ee2e-5c94-11e7-a11e-7a791928939c','f33bfd80-2331-11e7-b36e-c03fd56ee88c','40','529510c6-233d-11e7-b36e-c03fd56ee88c','Qui est capable de supporter la concurrence avec d''autres.','Compétitif',NULL,NULL,NULL);
INSERT INTO `question` VALUES ('cb08ad7f-5fde-11e7-a7e0-484d7ee0cd26','3c83f63b-2343-11e7-b36e-c03fd56ee88c','c2e552a9-5cb3-11e7-a11e-7a791928939c','f33bfd80-2331-11e7-b36e-c03fd56ee88c','332','d2cccf4b-233d-11e7-b36e-c03fd56ee88c',NULL,'questionner',NULL,NULL,NULL);
INSERT INTO `question` VALUES ('cb09ceff-5fde-11e7-a7e0-484d7ee0cd26','3c83f63b-2343-11e7-b36e-c03fd56ee88c','c2e552a9-5cb3-11e7-a11e-7a791928939c','f33bfd80-2331-11e7-b36e-c03fd56ee88c','333','d2cccf4b-233d-11e7-b36e-c03fd56ee88c',NULL,'reconnaitre les émotions des autres',NULL,NULL,NULL);
INSERT INTO `question` VALUES ('cb0da5f0-5fde-11e7-a7e0-484d7ee0cd26','3c83f63b-2343-11e7-b36e-c03fd56ee88c','c2e552a9-5cb3-11e7-a11e-7a791928939c','f33bfd80-2331-11e7-b36e-c03fd56ee88c','334','d2cccf4b-233d-11e7-b36e-c03fd56ee88c',NULL,'reformuler',NULL,NULL,NULL);
INSERT INTO `question` VALUES ('cb0db33f-5fde-11e7-a7e0-484d7ee0cd26','3c83f63b-2343-11e7-b36e-c03fd56ee88c','c2e552a9-5cb3-11e7-a11e-7a791928939c','f33bfd80-2331-11e7-b36e-c03fd56ee88c','335','d2cccf4b-233d-11e7-b36e-c03fd56ee88c',NULL,'remercier, donner de la gratitude',NULL,NULL,NULL);
INSERT INTO `question` VALUES ('cb0dc02e-5fde-11e7-a7e0-484d7ee0cd26','3c83f63b-2343-11e7-b36e-c03fd56ee88c','c2e552a9-5cb3-11e7-a11e-7a791928939c','f33bfd80-2331-11e7-b36e-c03fd56ee88c','336','d2cccf4b-233d-11e7-b36e-c03fd56ee88c',NULL,'savoir dire non',NULL,NULL,NULL);
INSERT INTO `question` VALUES ('cb0dcc5c-5fde-11e7-a7e0-484d7ee0cd26','3c83f63b-2343-11e7-b36e-c03fd56ee88c','c2e552a9-5cb3-11e7-a11e-7a791928939c','f33bfd80-2331-11e7-b36e-c03fd56ee88c','337','d2cccf4b-233d-11e7-b36e-c03fd56ee88c',NULL,'s''ouvrir aux autres ',NULL,NULL,NULL);
INSERT INTO `question` VALUES ('cb0dda08-5fde-11e7-a7e0-484d7ee0cd26','3c83f63b-2343-11e7-b36e-c03fd56ee88c','c2e552a9-5cb3-11e7-a11e-7a791928939c','f33bfd80-2331-11e7-b36e-c03fd56ee88c','338','d2cccf4b-233d-11e7-b36e-c03fd56ee88c',NULL,'gérer des conflits',NULL,NULL,NULL);
INSERT INTO `question` VALUES ('cb0de669-5fde-11e7-a7e0-484d7ee0cd26','3c83f63b-2343-11e7-b36e-c03fd56ee88c','c2e552a9-5cb3-11e7-a11e-7a791928939c','f33bfd80-2331-11e7-b36e-c03fd56ee88c','339','d2cccf4b-233d-11e7-b36e-c03fd56ee88c',NULL,'savoir décider',NULL,NULL,NULL);
INSERT INTO `question` VALUES ('cb0df2cb-5fde-11e7-a7e0-484d7ee0cd26','3c83f63b-2343-11e7-b36e-c03fd56ee88c','c2e552a9-5cb3-11e7-a11e-7a791928939c','f33bfd80-2331-11e7-b36e-c03fd56ee88c','340','d2cccf4b-233d-11e7-b36e-c03fd56ee88c',NULL,'prendre contact/entrer en relation avec les autres',NULL,NULL,NULL);
INSERT INTO `question` VALUES ('cb0dff09-5fde-11e7-a7e0-484d7ee0cd26','3c83f63b-2343-11e7-b36e-c03fd56ee88c','c2e552a9-5cb3-11e7-a11e-7a791928939c','f33bfd80-2331-11e7-b36e-c03fd56ee88c','341','d2cccf4b-233d-11e7-b36e-c03fd56ee88c',NULL,'savoir encourager',NULL,NULL,NULL);
INSERT INTO `question` VALUES ('cb0e0b87-5fde-11e7-a7e0-484d7ee0cd26','3c83f63b-2343-11e7-b36e-c03fd56ee88c','c2e552a9-5cb3-11e7-a11e-7a791928939c','f33bfd80-2331-11e7-b36e-c03fd56ee88c','342','d2cccf4b-233d-11e7-b36e-c03fd56ee88c',NULL,'faire preuve d''optimisme',NULL,NULL,NULL);
INSERT INTO `question` VALUES ('cb0e1463-5fde-11e7-a7e0-484d7ee0cd26','3c83f63b-2343-11e7-b36e-c03fd56ee88c','c2e552a9-5cb3-11e7-a11e-7a791928939c','f33bfd80-2331-11e7-b36e-c03fd56ee88c','343','d2cccf4b-233d-11e7-b36e-c03fd56ee88c',NULL,'accepter les critiques',NULL,NULL,NULL);
INSERT INTO `question` VALUES ('cb0e1bbf-5fde-11e7-a7e0-484d7ee0cd26','3c83f63b-2343-11e7-b36e-c03fd56ee88c','c2e552a9-5cb3-11e7-a11e-7a791928939c','f33bfd80-2331-11e7-b36e-c03fd56ee88c','344','d2cccf4b-233d-11e7-b36e-c03fd56ee88c',NULL,'reconnaitre ses erreurs',NULL,NULL,NULL);
INSERT INTO `question` VALUES ('d2151bc0-5d5e-11e7-a7e0-484d7ee0cd26','3c83f63b-2343-11e7-b36e-c03fd56ee88c','91c2ee2e-5c94-11e7-a11e-7a791928939c','f33bfd80-2331-11e7-b36e-c03fd56ee88c','3','529510c6-233d-11e7-b36e-c03fd56ee88c','Qui fait toujours bon accueil aux autres','Accueillant',NULL,NULL,NULL);
INSERT INTO `question` VALUES ('d397cb76-6093-11e7-a7e0-484d7ee0cd26','3f1790cb-2343-11e7-b36e-c03fd56ee88c','24551cf0-5cb4-11e7-a11e-7a791928939c','f4c0c96f-2331-11e7-b36e-c03fd56ee88c','461','529510c6-233d-11e7-b36e-c03fd56ee88c','Qui ne craint pas le danger et affronte les obstacles sans avoir peur','Intrépide',NULL,NULL,NULL);
INSERT INTO `question` VALUES ('d398e7e2-6093-11e7-a7e0-484d7ee0cd26','3f1790cb-2343-11e7-b36e-c03fd56ee88c','24551cf0-5cb4-11e7-a11e-7a791928939c','f4c0c96f-2331-11e7-b36e-c03fd56ee88c','462','529510c6-233d-11e7-b36e-c03fd56ee88c','Qui est doué d''intuition.','Intuitif',NULL,NULL,NULL);
INSERT INTO `question` VALUES ('d398f9fe-6093-11e7-a7e0-484d7ee0cd26','3f1790cb-2343-11e7-b36e-c03fd56ee88c','24551cf0-5cb4-11e7-a11e-7a791928939c','f4c0c96f-2331-11e7-b36e-c03fd56ee88c','463','529510c6-233d-11e7-b36e-c03fd56ee88c','Habile à inventer, à imaginer quelque chose d''original','Inventif',NULL,NULL,NULL);
INSERT INTO `question` VALUES ('d39909c2-6093-11e7-a7e0-484d7ee0cd26','3f1790cb-2343-11e7-b36e-c03fd56ee88c','24551cf0-5cb4-11e7-a11e-7a791928939c','f4c0c96f-2331-11e7-b36e-c03fd56ee88c','464','529510c6-233d-11e7-b36e-c03fd56ee88c','Qui est porté à rire, à s''amuser, à prendre gaiement la vie','Joyeux',NULL,NULL,NULL);
INSERT INTO `question` VALUES ('d3991781-6093-11e7-a7e0-484d7ee0cd26','3f1790cb-2343-11e7-b36e-c03fd56ee88c','24551cf0-5cb4-11e7-a11e-7a791928939c','f4c0c96f-2331-11e7-b36e-c03fd56ee88c','465','529510c6-233d-11e7-b36e-c03fd56ee88c','Qui témoigne d''un jugement sain, pertinent, rationnel','Judicieux',NULL,NULL,NULL);
INSERT INTO `question` VALUES ('d39a5616-6093-11e7-a7e0-484d7ee0cd26','3f1790cb-2343-11e7-b36e-c03fd56ee88c','24551cf0-5cb4-11e7-a11e-7a791928939c','f4c0c96f-2331-11e7-b36e-c03fd56ee88c','466','529510c6-233d-11e7-b36e-c03fd56ee88c','Qui respecte le droit et l''équité','Juste',NULL,NULL,NULL);
INSERT INTO `question` VALUES ('d39a6962-6093-11e7-a7e0-484d7ee0cd26','3f1790cb-2343-11e7-b36e-c03fd56ee88c','24551cf0-5cb4-11e7-a11e-7a791928939c','f4c0c96f-2331-11e7-b36e-c03fd56ee88c','467','529510c6-233d-11e7-b36e-c03fd56ee88c','Qui a le pouvoir d''agir selon sa volonté.','Libre',NULL,NULL,NULL);
INSERT INTO `question` VALUES ('d39a79ca-6093-11e7-a7e0-484d7ee0cd26','3f1790cb-2343-11e7-b36e-c03fd56ee88c','24551cf0-5cb4-11e7-a11e-7a791928939c','f4c0c96f-2331-11e7-b36e-c03fd56ee88c','468','529510c6-233d-11e7-b36e-c03fd56ee88c','Conforme au bon sens, cohérent, rationnel','Logique',NULL,NULL,NULL);
INSERT INTO `question` VALUES ('d39a8987-6093-11e7-a7e0-484d7ee0cd26','3f1790cb-2343-11e7-b36e-c03fd56ee88c','24551cf0-5cb4-11e7-a11e-7a791928939c','f4c0c96f-2331-11e7-b36e-c03fd56ee88c','469','529510c6-233d-11e7-b36e-c03fd56ee88c','qui est sincèrement fidèle dans sa conduite morale, respecte ses engagements et possède un sens de l''honneur développé.','Loyal',NULL,NULL,NULL);
INSERT INTO `question` VALUES ('d39a98ea-6093-11e7-a7e0-484d7ee0cd26','3f1790cb-2343-11e7-b36e-c03fd56ee88c','24551cf0-5cb4-11e7-a11e-7a791928939c','f4c0c96f-2331-11e7-b36e-c03fd56ee88c','470','529510c6-233d-11e7-b36e-c03fd56ee88c','Qui voit clairement, objectivement les choses dans leur réalité','Lucide',NULL,NULL,NULL);
INSERT INTO `question` VALUES ('d39aae1e-6093-11e7-a7e0-484d7ee0cd26','3f1790cb-2343-11e7-b36e-c03fd56ee88c','24551cf0-5cb4-11e7-a11e-7a791928939c','f4c0c96f-2331-11e7-b36e-c03fd56ee88c','471','529510c6-233d-11e7-b36e-c03fd56ee88c','Qui est capable de maîtriser ses émotions et ses pulsions','Maître de soi',NULL,NULL,NULL);
INSERT INTO `question` VALUES ('d39abf16-6093-11e7-a7e0-484d7ee0cd26','3f1790cb-2343-11e7-b36e-c03fd56ee88c','24551cf0-5cb4-11e7-a11e-7a791928939c','f4c0c96f-2331-11e7-b36e-c03fd56ee88c','472','529510c6-233d-11e7-b36e-c03fd56ee88c','Qui fait preuve de stratagèmes et d''inventivité pour contourner des obstacles ou arriver à ses fins.','Malin',NULL,NULL,NULL);
INSERT INTO `question` VALUES ('d39acac7-6093-11e7-a7e0-484d7ee0cd26','3f1790cb-2343-11e7-b36e-c03fd56ee88c','24551cf0-5cb4-11e7-a11e-7a791928939c','f4c0c96f-2331-11e7-b36e-c03fd56ee88c','473','529510c6-233d-11e7-b36e-c03fd56ee88c','Qui procède conformément à des règles et à des principes rationnels.','Méthodique',NULL,NULL,NULL);
INSERT INTO `question` VALUES ('d39ad484-6093-11e7-a7e0-484d7ee0cd26','3f1790cb-2343-11e7-b36e-c03fd56ee88c','24551cf0-5cb4-11e7-a11e-7a791928939c','f4c0c96f-2331-11e7-b36e-c03fd56ee88c','474','529510c6-233d-11e7-b36e-c03fd56ee88c','Qui est fait avec un grand scrupule, une grande attention ','Minutieux',NULL,NULL,NULL);
INSERT INTO `question` VALUES ('d39adfdb-6093-11e7-a7e0-484d7ee0cd26','3f1790cb-2343-11e7-b36e-c03fd56ee88c','24551cf0-5cb4-11e7-a11e-7a791928939c','f4c0c96f-2331-11e7-b36e-c03fd56ee88c','475','529510c6-233d-11e7-b36e-c03fd56ee88c','Qui est modéré dans l''appréciation de soi-même, exempt d''orgueil, de vanité','Modeste',NULL,NULL,NULL);
INSERT INTO `question` VALUES ('d39ae87a-6093-11e7-a7e0-484d7ee0cd26','3f1790cb-2343-11e7-b36e-c03fd56ee88c','24551cf0-5cb4-11e7-a11e-7a791928939c','f4c0c96f-2331-11e7-b36e-c03fd56ee88c','476','529510c6-233d-11e7-b36e-c03fd56ee88c','Qui a conscience de ce qui est bien','Moral',NULL,NULL,NULL);
INSERT INTO `question` VALUES ('d39af3ee-6093-11e7-a7e0-484d7ee0cd26','3f1790cb-2343-11e7-b36e-c03fd56ee88c','24551cf0-5cb4-11e7-a11e-7a791928939c','f4c0c96f-2331-11e7-b36e-c03fd56ee88c','477','529510c6-233d-11e7-b36e-c03fd56ee88c','Qui ne fait pas intervenir d''éléments affectifs, de facteurs personnels dans ses jugements','Objectif',NULL,NULL,NULL);
INSERT INTO `question` VALUES ('d39afc5d-6093-11e7-a7e0-484d7ee0cd26','3f1790cb-2343-11e7-b36e-c03fd56ee88c','24551cf0-5cb4-11e7-a11e-7a791928939c','f4c0c96f-2331-11e7-b36e-c03fd56ee88c','478','529510c6-233d-11e7-b36e-c03fd56ee88c','qui observe avec attention, qui a le sens de l''observation','Observateur',NULL,NULL,NULL);
INSERT INTO `question` VALUES ('d39b072b-6093-11e7-a7e0-484d7ee0cd26','3f1790cb-2343-11e7-b36e-c03fd56ee88c','24551cf0-5cb4-11e7-a11e-7a791928939c','f4c0c96f-2331-11e7-b36e-c03fd56ee88c','479','529510c6-233d-11e7-b36e-c03fd56ee88c','Qui est obstiné dans sa résolution, tenace dans sa volonté','Opiniâtre',NULL,NULL,NULL);
INSERT INTO `question` VALUES ('d39b157d-6093-11e7-a7e0-484d7ee0cd26','3f1790cb-2343-11e7-b36e-c03fd56ee88c','24551cf0-5cb4-11e7-a11e-7a791928939c','f4c0c96f-2331-11e7-b36e-c03fd56ee88c','480','529510c6-233d-11e7-b36e-c03fd56ee88c','Qui est porté, par son caractère, à voir tout en bien, à s''estimer satisfait de ce qui arrive, à être confiant dans l''avenir.','Optimiste',NULL,NULL,NULL);
INSERT INTO `question` VALUES ('d39b21c5-6093-11e7-a7e0-484d7ee0cd26','3f1790cb-2343-11e7-b36e-c03fd56ee88c','24551cf0-5cb4-11e7-a11e-7a791928939c','f4c0c96f-2331-11e7-b36e-c03fd56ee88c','481','529510c6-233d-11e7-b36e-c03fd56ee88c','Avoir certaines qualités d''ordre et de méthode pour mettre chaque chose à sa place ','Ordonné',NULL,NULL,NULL);
INSERT INTO `question` VALUES ('d39b2de3-6093-11e7-a7e0-484d7ee0cd26','3f1790cb-2343-11e7-b36e-c03fd56ee88c','24551cf0-5cb4-11e7-a11e-7a791928939c','f4c0c96f-2331-11e7-b36e-c03fd56ee88c','482','529510c6-233d-11e7-b36e-c03fd56ee88c','Qui prépare quelque chose dans ses détails, le combine, en coordonne les divers éléments','Organisé',NULL,NULL,NULL);
INSERT INTO `question` VALUES ('d39b3719-6093-11e7-a7e0-484d7ee0cd26','3f1790cb-2343-11e7-b36e-c03fd56ee88c','24551cf0-5cb4-11e7-a11e-7a791928939c','f4c0c96f-2331-11e7-b36e-c03fd56ee88c','483','529510c6-233d-11e7-b36e-c03fd56ee88c','Qui est unique en son genre, qui ne paraît s''inspirer de rien d''antérieur ','Original',NULL,NULL,NULL);
INSERT INTO `question` VALUES ('d39b3cb3-6093-11e7-a7e0-484d7ee0cd26','3f1790cb-2343-11e7-b36e-c03fd56ee88c','24551cf0-5cb4-11e7-a11e-7a791928939c','f4c0c96f-2331-11e7-b36e-c03fd56ee88c','484','529510c6-233d-11e7-b36e-c03fd56ee88c','Qui est accueillant, franc, sincère, communicatif.','Ouvert',NULL,NULL,NULL);
INSERT INTO `question` VALUES ('d39b426d-6093-11e7-a7e0-484d7ee0cd26','3f1790cb-2343-11e7-b36e-c03fd56ee88c','24551cf0-5cb4-11e7-a11e-7a791928939c','f4c0c96f-2331-11e7-b36e-c03fd56ee88c','485','529510c6-233d-11e7-b36e-c03fd56ee88c','Qui fait preuve d''une grande tolérance, manifestant de l''intérêt, de la curiosité et de la compréhension pour les idées qui diffèrent en partie ou totalement des siennes.','Ouvert d''esprit',NULL,NULL,NULL);
INSERT INTO `question` VALUES ('d39b489b-6093-11e7-a7e0-484d7ee0cd26','3f1790cb-2343-11e7-b36e-c03fd56ee88c','24551cf0-5cb4-11e7-a11e-7a791928939c','f4c0c96f-2331-11e7-b36e-c03fd56ee88c','486','529510c6-233d-11e7-b36e-c03fd56ee88c','Tranquille, pacifique, calme, serein.','Paisible',NULL,NULL,NULL);
INSERT INTO `question` VALUES ('d39b4c8a-6093-11e7-a7e0-484d7ee0cd26','3f1790cb-2343-11e7-b36e-c03fd56ee88c','24551cf0-5cb4-11e7-a11e-7a791928939c','f4c0c96f-2331-11e7-b36e-c03fd56ee88c','487','529510c6-233d-11e7-b36e-c03fd56ee88c','Personne qui a un goût très vif pour quelque chose :','Passionné',NULL,NULL,NULL);
INSERT INTO `question` VALUES ('d39b5063-6093-11e7-a7e0-484d7ee0cd26','3f1790cb-2343-11e7-b36e-c03fd56ee88c','24551cf0-5cb4-11e7-a11e-7a791928939c','f4c0c96f-2331-11e7-b36e-c03fd56ee88c','488','529510c6-233d-11e7-b36e-c03fd56ee88c','Qui fait preuve de patience, de tolérance, de calme','Patient',NULL,NULL,NULL);
INSERT INTO `question` VALUES ('d39b5445-6093-11e7-a7e0-484d7ee0cd26','3f1790cb-2343-11e7-b36e-c03fd56ee88c','24551cf0-5cb4-11e7-a11e-7a791928939c','f4c0c96f-2331-11e7-b36e-c03fd56ee88c','489','529510c6-233d-11e7-b36e-c03fd56ee88c','Se dit d''une personne ne baissant pas les bras devant une difficulté ou un obstacle, qui refuse d''abandonner et veut coûte que coûte poursuivre son but.','Persévérant',NULL,NULL,NULL);
INSERT INTO `question` VALUES ('d39b5828-6093-11e7-a7e0-484d7ee0cd26','3f1790cb-2343-11e7-b36e-c03fd56ee88c','24551cf0-5cb4-11e7-a11e-7a791928939c','f4c0c96f-2331-11e7-b36e-c03fd56ee88c','490','529510c6-233d-11e7-b36e-c03fd56ee88c','Doué d’un esprit pénétrant et capable d’apercevoir ce qui échappe à la plupart des gens','Perspicace',NULL,NULL,NULL);
INSERT INTO `question` VALUES ('d39b5c7b-6093-11e7-a7e0-484d7ee0cd26','3f1790cb-2343-11e7-b36e-c03fd56ee88c','24551cf0-5cb4-11e7-a11e-7a791928939c','f4c0c96f-2331-11e7-b36e-c03fd56ee88c','491','529510c6-233d-11e7-b36e-c03fd56ee88c','Qui amène quelqu''un à croire, à vouloir, à faire quelque chose par une adhésion complète','Persuasif',NULL,NULL,NULL);
INSERT INTO `question` VALUES ('d39b618b-6093-11e7-a7e0-484d7ee0cd26','3f1790cb-2343-11e7-b36e-c03fd56ee88c','24551cf0-5cb4-11e7-a11e-7a791928939c','f4c0c96f-2331-11e7-b36e-c03fd56ee88c','492','529510c6-233d-11e7-b36e-c03fd56ee88c','Qui fait à point nommé ce qu''il doit faire, sans retard ni négligence','Ponctuel',NULL,NULL,NULL);
INSERT INTO `question` VALUES ('d39b654a-6093-11e7-a7e0-484d7ee0cd26','3f1790cb-2343-11e7-b36e-c03fd56ee88c','24551cf0-5cb4-11e7-a11e-7a791928939c','f4c0c96f-2331-11e7-b36e-c03fd56ee88c','493','529510c6-233d-11e7-b36e-c03fd56ee88c','Être bien équilibré, calme et modéré dans ses opinions ou ses jugements.','Pondéré',NULL,NULL,NULL);
INSERT INTO `question` VALUES ('d39b68f3-6093-11e7-a7e0-484d7ee0cd26','3f1790cb-2343-11e7-b36e-c03fd56ee88c','24551cf0-5cb4-11e7-a11e-7a791928939c','f4c0c96f-2331-11e7-b36e-c03fd56ee88c','494','529510c6-233d-11e7-b36e-c03fd56ee88c','Calme, réfléchi, sérieux.','Posé',NULL,NULL,NULL);
INSERT INTO `question` VALUES ('d39b6cab-6093-11e7-a7e0-484d7ee0cd26','3f1790cb-2343-11e7-b36e-c03fd56ee88c','24551cf0-5cb4-11e7-a11e-7a791928939c','f4c0c96f-2331-11e7-b36e-c03fd56ee88c','495','529510c6-233d-11e7-b36e-c03fd56ee88c','Qui tient compte des réalité, qui a le sens pratique','Positif',NULL,NULL,NULL);
INSERT INTO `question` VALUES ('d39b7132-6093-11e7-a7e0-484d7ee0cd26','3f1790cb-2343-11e7-b36e-c03fd56ee88c','24551cf0-5cb4-11e7-a11e-7a791928939c','f4c0c96f-2331-11e7-b36e-c03fd56ee88c','496','529510c6-233d-11e7-b36e-c03fd56ee88c','Qui se tire au mieux des problèmes concrets de l''existence','Pratique',NULL,NULL,NULL);
INSERT INTO `question` VALUES ('d39b7507-6093-11e7-a7e0-484d7ee0cd26','3f1790cb-2343-11e7-b36e-c03fd56ee88c','24551cf0-5cb4-11e7-a11e-7a791928939c','f4c0c96f-2331-11e7-b36e-c03fd56ee88c','497','529510c6-233d-11e7-b36e-c03fd56ee88c','Qui n''exprime que ce qu''il faut, qui s''en tient rigoureusement à l''essentiel.','Précis',NULL,NULL,NULL);
INSERT INTO `question` VALUES ('d39b7bc5-6093-11e7-a7e0-484d7ee0cd26','3f1790cb-2343-11e7-b36e-c03fd56ee88c','24551cf0-5cb4-11e7-a11e-7a791928939c','f4c0c96f-2331-11e7-b36e-c03fd56ee88c','498','529510c6-233d-11e7-b36e-c03fd56ee88c','Qui cherche à prévenir les désirs de quelqu''un, à faire plaisir','Prévenant',NULL,NULL,NULL);
INSERT INTO `question` VALUES ('dd8ce734-5d5f-11e7-a7e0-484d7ee0cd26','3c83f63b-2343-11e7-b36e-c03fd56ee88c','91c2ee2e-5c94-11e7-a11e-7a791928939c','f33bfd80-2331-11e7-b36e-c03fd56ee88c','9','529510c6-233d-11e7-b36e-c03fd56ee88c','Désir ardent de gloire, d''honneurs, de réussite sociale','Ambitieux',NULL,NULL,NULL);
INSERT INTO `question` VALUES ('dfd12504-60b3-11e7-a7e0-484d7ee0cd26','3f1790cb-2343-11e7-b36e-c03fd56ee88c','4a06bf6d-5cb4-11e7-a11e-7a791928939c','f4c0c96f-2331-11e7-b36e-c03fd56ee88c','685','d2cccf4b-233d-11e7-b36e-c03fd56ee88c',NULL,'accepter les idées des autres',NULL,NULL,NULL);
INSERT INTO `question` VALUES ('dfd38aed-60b3-11e7-a7e0-484d7ee0cd26','3f1790cb-2343-11e7-b36e-c03fd56ee88c','4a06bf6d-5cb4-11e7-a11e-7a791928939c','f4c0c96f-2331-11e7-b36e-c03fd56ee88c','686','d2cccf4b-233d-11e7-b36e-c03fd56ee88c',NULL,'affirmer son point de vue',NULL,NULL,NULL);
INSERT INTO `question` VALUES ('dfd39bdb-60b3-11e7-a7e0-484d7ee0cd26','3f1790cb-2343-11e7-b36e-c03fd56ee88c','4a06bf6d-5cb4-11e7-a11e-7a791928939c','f4c0c96f-2331-11e7-b36e-c03fd56ee88c','687','d2cccf4b-233d-11e7-b36e-c03fd56ee88c',NULL,'argumenter',NULL,NULL,NULL);
INSERT INTO `question` VALUES ('dfdbfa2f-60b3-11e7-a7e0-484d7ee0cd26','3f1790cb-2343-11e7-b36e-c03fd56ee88c','4a06bf6d-5cb4-11e7-a11e-7a791928939c','f4c0c96f-2331-11e7-b36e-c03fd56ee88c','688','d2cccf4b-233d-11e7-b36e-c03fd56ee88c',NULL,'avoir de l''empathie',NULL,NULL,NULL);
INSERT INTO `question` VALUES ('dfdc0a89-60b3-11e7-a7e0-484d7ee0cd26','3f1790cb-2343-11e7-b36e-c03fd56ee88c','4a06bf6d-5cb4-11e7-a11e-7a791928939c','f4c0c96f-2331-11e7-b36e-c03fd56ee88c','689','d2cccf4b-233d-11e7-b36e-c03fd56ee88c',NULL,'clarifier son propos',NULL,NULL,NULL);
INSERT INTO `question` VALUES ('dfdc1ac3-60b3-11e7-a7e0-484d7ee0cd26','3f1790cb-2343-11e7-b36e-c03fd56ee88c','4a06bf6d-5cb4-11e7-a11e-7a791928939c','f4c0c96f-2331-11e7-b36e-c03fd56ee88c','690','d2cccf4b-233d-11e7-b36e-c03fd56ee88c',NULL,'complimenter, féliciter',NULL,NULL,NULL);
INSERT INTO `question` VALUES ('dfdc2b1b-60b3-11e7-a7e0-484d7ee0cd26','3f1790cb-2343-11e7-b36e-c03fd56ee88c','4a06bf6d-5cb4-11e7-a11e-7a791928939c','f4c0c96f-2331-11e7-b36e-c03fd56ee88c','691','d2cccf4b-233d-11e7-b36e-c03fd56ee88c',NULL,'convaincre',NULL,NULL,NULL);
INSERT INTO `question` VALUES ('dfdc3b7b-60b3-11e7-a7e0-484d7ee0cd26','3f1790cb-2343-11e7-b36e-c03fd56ee88c','4a06bf6d-5cb4-11e7-a11e-7a791928939c','f4c0c96f-2331-11e7-b36e-c03fd56ee88c','692','d2cccf4b-233d-11e7-b36e-c03fd56ee88c',NULL,'demander pour obtenir',NULL,NULL,NULL);
INSERT INTO `question` VALUES ('dfdc4bb9-60b3-11e7-a7e0-484d7ee0cd26','3f1790cb-2343-11e7-b36e-c03fd56ee88c','4a06bf6d-5cb4-11e7-a11e-7a791928939c','f4c0c96f-2331-11e7-b36e-c03fd56ee88c','693','d2cccf4b-233d-11e7-b36e-c03fd56ee88c',NULL,'donner de la reconnaissance',NULL,NULL,NULL);
INSERT INTO `question` VALUES ('dfdc5a76-60b3-11e7-a7e0-484d7ee0cd26','3f1790cb-2343-11e7-b36e-c03fd56ee88c','4a06bf6d-5cb4-11e7-a11e-7a791928939c','f4c0c96f-2331-11e7-b36e-c03fd56ee88c','694','d2cccf4b-233d-11e7-b36e-c03fd56ee88c',NULL,'écouter',NULL,NULL,NULL);
INSERT INTO `question` VALUES ('dfdc695f-60b3-11e7-a7e0-484d7ee0cd26','3f1790cb-2343-11e7-b36e-c03fd56ee88c','4a06bf6d-5cb4-11e7-a11e-7a791928939c','f4c0c96f-2331-11e7-b36e-c03fd56ee88c','695','d2cccf4b-233d-11e7-b36e-c03fd56ee88c',NULL,'être compris',NULL,NULL,NULL);
INSERT INTO `question` VALUES ('dfdc7530-60b3-11e7-a7e0-484d7ee0cd26','3f1790cb-2343-11e7-b36e-c03fd56ee88c','4a06bf6d-5cb4-11e7-a11e-7a791928939c','f4c0c96f-2331-11e7-b36e-c03fd56ee88c','696','d2cccf4b-233d-11e7-b36e-c03fd56ee88c',NULL,'exprimer ses émotions',NULL,NULL,NULL);
INSERT INTO `question` VALUES ('dfdc82d0-60b3-11e7-a7e0-484d7ee0cd26','3f1790cb-2343-11e7-b36e-c03fd56ee88c','4a06bf6d-5cb4-11e7-a11e-7a791928939c','f4c0c96f-2331-11e7-b36e-c03fd56ee88c','697','d2cccf4b-233d-11e7-b36e-c03fd56ee88c',NULL,'exprimer son avis',NULL,NULL,NULL);
INSERT INTO `question` VALUES ('dfdc9025-60b3-11e7-a7e0-484d7ee0cd26','3f1790cb-2343-11e7-b36e-c03fd56ee88c','4a06bf6d-5cb4-11e7-a11e-7a791928939c','f4c0c96f-2331-11e7-b36e-c03fd56ee88c','698','d2cccf4b-233d-11e7-b36e-c03fd56ee88c',NULL,'gérer son émotion',NULL,NULL,NULL);
INSERT INTO `question` VALUES ('dfdc97aa-60b3-11e7-a7e0-484d7ee0cd26','3f1790cb-2343-11e7-b36e-c03fd56ee88c','4a06bf6d-5cb4-11e7-a11e-7a791928939c','f4c0c96f-2331-11e7-b36e-c03fd56ee88c','699','d2cccf4b-233d-11e7-b36e-c03fd56ee88c',NULL,'négocier',NULL,NULL,NULL);
INSERT INTO `question` VALUES ('e0352432-5d8c-11e7-a7e0-484d7ee0cd26','3c83f63b-2343-11e7-b36e-c03fd56ee88c','91c2ee2e-5c94-11e7-a11e-7a791928939c','f33bfd80-2331-11e7-b36e-c03fd56ee88c','64','529510c6-233d-11e7-b36e-c03fd56ee88c','Qui est accueillant aux idées les plus diverses','Disponible',NULL,NULL,NULL);
INSERT INTO `question` VALUES ('e037280c-5d8c-11e7-a7e0-484d7ee0cd26','3c83f63b-2343-11e7-b36e-c03fd56ee88c','91c2ee2e-5c94-11e7-a11e-7a791928939c','f33bfd80-2331-11e7-b36e-c03fd56ee88c','65','529510c6-233d-11e7-b36e-c03fd56ee88c','Qui est sans violence, sans agressivité, sans méchanceté','Doux',NULL,NULL,NULL);
INSERT INTO `question` VALUES ('e0372cc2-5d8c-11e7-a7e0-484d7ee0cd26','3c83f63b-2343-11e7-b36e-c03fd56ee88c','91c2ee2e-5c94-11e7-a11e-7a791928939c','f33bfd80-2331-11e7-b36e-c03fd56ee88c','66','529510c6-233d-11e7-b36e-c03fd56ee88c','Franc, honnête','Droit',NULL,NULL,NULL);
INSERT INTO `question` VALUES ('e037309b-5d8c-11e7-a7e0-484d7ee0cd26','3c83f63b-2343-11e7-b36e-c03fd56ee88c','91c2ee2e-5c94-11e7-a11e-7a791928939c','f33bfd80-2331-11e7-b36e-c03fd56ee88c','67','529510c6-233d-11e7-b36e-c03fd56ee88c','Qui provoque le rire, intentionnellement ou non ; plaisant, comique','Drôle',NULL,NULL,NULL);
INSERT INTO `question` VALUES ('e037345a-5d8c-11e7-a7e0-484d7ee0cd26','3c83f63b-2343-11e7-b36e-c03fd56ee88c','91c2ee2e-5c94-11e7-a11e-7a791928939c','f33bfd80-2331-11e7-b36e-c03fd56ee88c','68','529510c6-233d-11e7-b36e-c03fd56ee88c','Qui manifeste de l''énergie et de l''efficacité ; actif, énergique','Dynamique',NULL,NULL,NULL);
INSERT INTO `question` VALUES ('e03737d3-5d8c-11e7-a7e0-484d7ee0cd26','3c83f63b-2343-11e7-b36e-c03fd56ee88c','91c2ee2e-5c94-11e7-a11e-7a791928939c','f33bfd80-2331-11e7-b36e-c03fd56ee88c','69','529510c6-233d-11e7-b36e-c03fd56ee88c','Qui ménage quelque chose, en est peu prodigue','Économe',NULL,NULL,NULL);
INSERT INTO `question` VALUES ('e0373b5b-5d8c-11e7-a7e0-484d7ee0cd26','3c83f63b-2343-11e7-b36e-c03fd56ee88c','91c2ee2e-5c94-11e7-a11e-7a791928939c','f33bfd80-2331-11e7-b36e-c03fd56ee88c','70','529510c6-233d-11e7-b36e-c03fd56ee88c','Personne dont l''action aboutit à des résultats performants.','Efficace',NULL,NULL,NULL);
INSERT INTO `question` VALUES ('e0373ed4-5d8c-11e7-a7e0-484d7ee0cd26','3c83f63b-2343-11e7-b36e-c03fd56ee88c','91c2ee2e-5c94-11e7-a11e-7a791928939c','f33bfd80-2331-11e7-b36e-c03fd56ee88c','71','529510c6-233d-11e7-b36e-c03fd56ee88c','Qui impressionne vivement, qui est expressif, significatif ','Éloquent',NULL,NULL,NULL);
INSERT INTO `question` VALUES ('e0374249-5d8c-11e7-a7e0-484d7ee0cd26','3c83f63b-2343-11e7-b36e-c03fd56ee88c','91c2ee2e-5c94-11e7-a11e-7a791928939c','f33bfd80-2331-11e7-b36e-c03fd56ee88c','72','529510c6-233d-11e7-b36e-c03fd56ee88c','Qui provoque une vive émotion, qui touche, bouleverse :','Émouvant',NULL,NULL,NULL);
INSERT INTO `question` VALUES ('e0374750-5d8c-11e7-a7e0-484d7ee0cd26','3c83f63b-2343-11e7-b36e-c03fd56ee88c','91c2ee2e-5c94-11e7-a11e-7a791928939c','f33bfd80-2331-11e7-b36e-c03fd56ee88c','73','529510c6-233d-11e7-b36e-c03fd56ee88c','Capacité de ressentir les émotions de quelqu''un d''autre, d''arriver à se mettre à la place d''autrui.','Empathique',NULL,NULL,NULL);
INSERT INTO `question` VALUES ('e0374b09-5d8c-11e7-a7e0-484d7ee0cd26','3c83f63b-2343-11e7-b36e-c03fd56ee88c','91c2ee2e-5c94-11e7-a11e-7a791928939c','f33bfd80-2331-11e7-b36e-c03fd56ee88c','74','529510c6-233d-11e7-b36e-c03fd56ee88c','Qui encourage, qui incite à persévérer; qui apporte un soutien','Encourageant',NULL,NULL,NULL);
INSERT INTO `question` VALUES ('e0374eeb-5d8c-11e7-a7e0-484d7ee0cd26','3c83f63b-2343-11e7-b36e-c03fd56ee88c','91c2ee2e-5c94-11e7-a11e-7a791928939c','f33bfd80-2331-11e7-b36e-c03fd56ee88c','75','529510c6-233d-11e7-b36e-c03fd56ee88c','Qui est capable d''endurer avec patience, qui garde son calme','Endurant',NULL,NULL,NULL);
INSERT INTO `question` VALUES ('e037538e-5d8c-11e7-a7e0-484d7ee0cd26','3c83f63b-2343-11e7-b36e-c03fd56ee88c','91c2ee2e-5c94-11e7-a11e-7a791928939c','f33bfd80-2331-11e7-b36e-c03fd56ee88c','76','529510c6-233d-11e7-b36e-c03fd56ee88c','Qui a de l''énergie, qui manifeste de l''entrain','Energique',NULL,NULL,NULL);
INSERT INTO `question` VALUES ('e0375794-5d8c-11e7-a7e0-484d7ee0cd26','3c83f63b-2343-11e7-b36e-c03fd56ee88c','91c2ee2e-5c94-11e7-a11e-7a791928939c','f33bfd80-2331-11e7-b36e-c03fd56ee88c','77','529510c6-233d-11e7-b36e-c03fd56ee88c','Qui prend position pour des problèmes politiques ou sociaux.','Engagé',NULL,NULL,NULL);
INSERT INTO `question` VALUES ('e0375b19-5d8c-11e7-a7e0-484d7ee0cd26','3c83f63b-2343-11e7-b36e-c03fd56ee88c','91c2ee2e-5c94-11e7-a11e-7a791928939c','f33bfd80-2331-11e7-b36e-c03fd56ee88c','78','529510c6-233d-11e7-b36e-c03fd56ee88c','Qui ressent et exprime une joie sincère et spontanée à la pensée de ou à l''idée d''accomplir quelque chose. ','Enthousiaste',NULL,NULL,NULL);
INSERT INTO `question` VALUES ('e0375eb8-5d8c-11e7-a7e0-484d7ee0cd26','3c83f63b-2343-11e7-b36e-c03fd56ee88c','91c2ee2e-5c94-11e7-a11e-7a791928939c','f33bfd80-2331-11e7-b36e-c03fd56ee88c','79','529510c6-233d-11e7-b36e-c03fd56ee88c','Dynamique, actif, hardi à entreprendre','Entreprenant',NULL,NULL,NULL);
INSERT INTO `question` VALUES ('e037625e-5d8c-11e7-a7e0-484d7ee0cd26','3c83f63b-2343-11e7-b36e-c03fd56ee88c','91c2ee2e-5c94-11e7-a11e-7a791928939c','f33bfd80-2331-11e7-b36e-c03fd56ee88c','80','529510c6-233d-11e7-b36e-c03fd56ee88c','être bien dans sa peau, dans son corps','Épanoui',NULL,NULL,NULL);
INSERT INTO `question` VALUES ('e037664d-5d8c-11e7-a7e0-484d7ee0cd26','3c83f63b-2343-11e7-b36e-c03fd56ee88c','91c2ee2e-5c94-11e7-a11e-7a791928939c','f33bfd80-2331-11e7-b36e-c03fd56ee88c','81','529510c6-233d-11e7-b36e-c03fd56ee88c','qui a le sens de l''honneur, qui se comporte avec loyauté, noblesse, générosité, sachant inspirer confiance','Galant',NULL,NULL,NULL);
INSERT INTO `question` VALUES ('e0376a0d-5d8c-11e7-a7e0-484d7ee0cd26','3c83f63b-2343-11e7-b36e-c03fd56ee88c','91c2ee2e-5c94-11e7-a11e-7a791928939c','f33bfd80-2331-11e7-b36e-c03fd56ee88c','82','529510c6-233d-11e7-b36e-c03fd56ee88c','Qui fait preuve d''humilité, de modestie','Humble',NULL,NULL,NULL);
INSERT INTO `question` VALUES ('e03eba03-5d8c-11e7-a7e0-484d7ee0cd26','3c83f63b-2343-11e7-b36e-c03fd56ee88c','91c2ee2e-5c94-11e7-a11e-7a791928939c','f33bfd80-2331-11e7-b36e-c03fd56ee88c','83','529510c6-233d-11e7-b36e-c03fd56ee88c','Qui est drôle, amusant.','Humoristique',NULL,NULL,NULL);
INSERT INTO `question` VALUES ('e03ebfc7-5d8c-11e7-a7e0-484d7ee0cd26','3c83f63b-2343-11e7-b36e-c03fd56ee88c','91c2ee2e-5c94-11e7-a11e-7a791928939c','f33bfd80-2331-11e7-b36e-c03fd56ee88c','84','529510c6-233d-11e7-b36e-c03fd56ee88c','Mettre beaucoup de soi-même dans ce qu''on fait ','impliqué',NULL,NULL,NULL);
INSERT INTO `question` VALUES ('e03ec393-5d8c-11e7-a7e0-484d7ee0cd26','3c83f63b-2343-11e7-b36e-c03fd56ee88c','91c2ee2e-5c94-11e7-a11e-7a791928939c','f33bfd80-2331-11e7-b36e-c03fd56ee88c','85','529510c6-233d-11e7-b36e-c03fd56ee88c','Qui pardonne aisément les fautes','Indulgent',NULL,NULL,NULL);
INSERT INTO `question` VALUES ('e03ec745-5d8c-11e7-a7e0-484d7ee0cd26','3c83f63b-2343-11e7-b36e-c03fd56ee88c','91c2ee2e-5c94-11e7-a11e-7a791928939c','f33bfd80-2331-11e7-b36e-c03fd56ee88c','86','529510c6-233d-11e7-b36e-c03fd56ee88c','Que rien ne peut lasser ou décourager, qui semble insensible à la fatigue.','Infatigable',NULL,NULL,NULL);
INSERT INTO `question` VALUES ('e042d8b6-5d8c-11e7-a7e0-484d7ee0cd26','3c83f63b-2343-11e7-b36e-c03fd56ee88c','91c2ee2e-5c94-11e7-a11e-7a791928939c','f33bfd80-2331-11e7-b36e-c03fd56ee88c','87','529510c6-233d-11e7-b36e-c03fd56ee88c','Qui a du crédit, du prestige','Influent',NULL,NULL,NULL);
INSERT INTO `question` VALUES ('e042dd25-5d8c-11e7-a7e0-484d7ee0cd26','3c83f63b-2343-11e7-b36e-c03fd56ee88c','91c2ee2e-5c94-11e7-a11e-7a791928939c','f33bfd80-2331-11e7-b36e-c03fd56ee88c','88','529510c6-233d-11e7-b36e-c03fd56ee88c','Qui possède un esprit inventif, qui trouve aisément des solutions appropriées à une situation quelconque','Ingénieux',NULL,NULL,NULL);
INSERT INTO `question` VALUES ('e042e135-5d8c-11e7-a7e0-484d7ee0cd26','3c83f63b-2343-11e7-b36e-c03fd56ee88c','91c2ee2e-5c94-11e7-a11e-7a791928939c','f33bfd80-2331-11e7-b36e-c03fd56ee88c','89','529510c6-233d-11e7-b36e-c03fd56ee88c','D''une grande honnêteté.','Intègre',NULL,NULL,NULL);
INSERT INTO `question` VALUES ('e042e504-5d8c-11e7-a7e0-484d7ee0cd26','3c83f63b-2343-11e7-b36e-c03fd56ee88c','91c2ee2e-5c94-11e7-a11e-7a791928939c','f33bfd80-2331-11e7-b36e-c03fd56ee88c','90','529510c6-233d-11e7-b36e-c03fd56ee88c','Qui fait preuve de discernement, de jugement, de bon sens ','Intelligent',NULL,NULL,NULL);
INSERT INTO `question` VALUES ('e3c3de67-5fc3-11e7-a7e0-484d7ee0cd26','3c83f63b-2343-11e7-b36e-c03fd56ee88c','6001c111-5cb3-11e7-a11e-7a791928939c','f33bfd80-2331-11e7-b36e-c03fd56ee88c','237','529510c6-233d-11e7-b36e-c03fd56ee88c','Qui ne peut supporter certaines choses, certaines personnes.','Intolérant',NULL,NULL,NULL);
INSERT INTO `question` VALUES ('e3c52475-5fc3-11e7-a7e0-484d7ee0cd26','3c83f63b-2343-11e7-b36e-c03fd56ee88c','6001c111-5cb3-11e7-a11e-7a791928939c','f33bfd80-2331-11e7-b36e-c03fd56ee88c','238','529510c6-233d-11e7-b36e-c03fd56ee88c','Qui n''admet pas de compromis, incapable de faire des concessions en vue d''un compris.','Intransigeant',NULL,NULL,NULL);
INSERT INTO `question` VALUES ('e3c5376e-5fc3-11e7-a7e0-484d7ee0cd26','3c83f63b-2343-11e7-b36e-c03fd56ee88c','6001c111-5cb3-11e7-a11e-7a791928939c','f33bfd80-2331-11e7-b36e-c03fd56ee88c','239','529510c6-233d-11e7-b36e-c03fd56ee88c','Ironique signifie qui fait preuve d''ironie. Ce terme qualifie des propos ou un comportement ironique. C''est-à-dire qu''une personne donne un sens caché à ses propos, souvent moqueurs ou à l''opposé de ce qui est énoncé.','Ironique',NULL,NULL,NULL);
INSERT INTO `question` VALUES ('e3c54d12-5fc3-11e7-a7e0-484d7ee0cd26','3c83f63b-2343-11e7-b36e-c03fd56ee88c','6001c111-5cb3-11e7-a11e-7a791928939c','f33bfd80-2331-11e7-b36e-c03fd56ee88c','240','529510c6-233d-11e7-b36e-c03fd56ee88c','Qui manque du sens du réel, de réalisme','Irréaliste',NULL,NULL,NULL);
INSERT INTO `question` VALUES ('e3c5623f-5fc3-11e7-a7e0-484d7ee0cd26','3c83f63b-2343-11e7-b36e-c03fd56ee88c','6001c111-5cb3-11e7-a11e-7a791928939c','f33bfd80-2331-11e7-b36e-c03fd56ee88c','241','529510c6-233d-11e7-b36e-c03fd56ee88c','Qui n''est pas respectueux, qui manque de respect.','Irrespectueux',NULL,NULL,NULL);
INSERT INTO `question` VALUES ('e3c57270-5fc3-11e7-a7e0-484d7ee0cd26','3c83f63b-2343-11e7-b36e-c03fd56ee88c','6001c111-5cb3-11e7-a11e-7a791928939c','f33bfd80-2331-11e7-b36e-c03fd56ee88c','242','529510c6-233d-11e7-b36e-c03fd56ee88c','Qui n''est pas capable de répondre de ses actes, de sa conduite','Irresponsable',NULL,NULL,NULL);
INSERT INTO `question` VALUES ('e3c58177-5fc3-11e7-a7e0-484d7ee0cd26','3c83f63b-2343-11e7-b36e-c03fd56ee88c','6001c111-5cb3-11e7-a11e-7a791928939c','f33bfd80-2331-11e7-b36e-c03fd56ee88c','243','529510c6-233d-11e7-b36e-c03fd56ee88c','Qui éprouve un vif sentiment d''envie devant l''avantage, le succès, le bien de quelqu''un d''autre','Jaloux',NULL,NULL,NULL);
INSERT INTO `question` VALUES ('e3c5903a-5fc3-11e7-a7e0-484d7ee0cd26','3c83f63b-2343-11e7-b36e-c03fd56ee88c','6001c111-5cb3-11e7-a11e-7a791928939c','f33bfd80-2331-11e7-b36e-c03fd56ee88c','244','529510c6-233d-11e7-b36e-c03fd56ee88c','Attitude de quelqu''un qui est excessivement indulgent, tolérant','Laxiste',NULL,NULL,NULL);
INSERT INTO `question` VALUES ('e3c59e32-5fc3-11e7-a7e0-484d7ee0cd26','3c83f63b-2343-11e7-b36e-c03fd56ee88c','6001c111-5cb3-11e7-a11e-7a791928939c','f33bfd80-2331-11e7-b36e-c03fd56ee88c','245','529510c6-233d-11e7-b36e-c03fd56ee88c','Qui met du temps à agir.','Lent',NULL,NULL,NULL);
INSERT INTO `question` VALUES ('e3c5ad63-5fc3-11e7-a7e0-484d7ee0cd26','3c83f63b-2343-11e7-b36e-c03fd56ee88c','6001c111-5cb3-11e7-a11e-7a791928939c','f33bfd80-2331-11e7-b36e-c03fd56ee88c','246','529510c6-233d-11e7-b36e-c03fd56ee88c','Lunatique qualifie une personne dont l''esprit est changeant, dont l''humeur varie souvent et de manière soudaine. Capricieux.','Lunatique',NULL,NULL,NULL);
INSERT INTO `question` VALUES ('e3c5ba0b-5fc3-11e7-a7e0-484d7ee0cd26','3c83f63b-2343-11e7-b36e-c03fd56ee88c','6001c111-5cb3-11e7-a11e-7a791928939c','f33bfd80-2331-11e7-b36e-c03fd56ee88c','247','529510c6-233d-11e7-b36e-c03fd56ee88c','Etat d''une personne qui éprouve de la gêne dans une situation particulière ou embarrassante.','Mal à l''aise',NULL,NULL,NULL);
INSERT INTO `question` VALUES ('e3c5c632-5fc3-11e7-a7e0-484d7ee0cd26','3c83f63b-2343-11e7-b36e-c03fd56ee88c','6001c111-5cb3-11e7-a11e-7a791928939c','f33bfd80-2331-11e7-b36e-c03fd56ee88c','248','529510c6-233d-11e7-b36e-c03fd56ee88c','Qui a reçu une mauvaise éducation, impoli.','Mal élevé',NULL,NULL,NULL);
INSERT INTO `question` VALUES ('e3c5d207-5fc3-11e7-a7e0-484d7ee0cd26','3c83f63b-2343-11e7-b36e-c03fd56ee88c','6001c111-5cb3-11e7-a11e-7a791928939c','f33bfd80-2331-11e7-b36e-c03fd56ee88c','249','529510c6-233d-11e7-b36e-c03fd56ee88c','Qui manque de finesse d''esprit, de diplomatie ou de sens de l''opportunité.','Maladroit',NULL,NULL,NULL);
INSERT INTO `question` VALUES ('e3c5da9c-5fc3-11e7-a7e0-484d7ee0cd26','3c83f63b-2343-11e7-b36e-c03fd56ee88c','6001c111-5cb3-11e7-a11e-7a791928939c','f33bfd80-2331-11e7-b36e-c03fd56ee88c','250','529510c6-233d-11e7-b36e-c03fd56ee88c','Personne qui manque d''honnêteté.','Malhonnête',NULL,NULL,NULL);
INSERT INTO `question` VALUES ('e3c5e050-5fc3-11e7-a7e0-484d7ee0cd26','3c83f63b-2343-11e7-b36e-c03fd56ee88c','6001c111-5cb3-11e7-a11e-7a791928939c','f33bfd80-2331-11e7-b36e-c03fd56ee88c','251','529510c6-233d-11e7-b36e-c03fd56ee88c','Personne qui a des manies, qui prend grand soin des choses.','Maniaque',NULL,NULL,NULL);
INSERT INTO `question` VALUES ('e3c5e516-5fc3-11e7-a7e0-484d7ee0cd26','3c83f63b-2343-11e7-b36e-c03fd56ee88c','6001c111-5cb3-11e7-a11e-7a791928939c','f33bfd80-2331-11e7-b36e-c03fd56ee88c','252','529510c6-233d-11e7-b36e-c03fd56ee88c','Personne utilisant et détournant certaines règles et normes sociales partagées pour son profit personnel','Manipulateur',NULL,NULL,NULL);
INSERT INTO `question` VALUES ('e3c5ea20-5fc3-11e7-a7e0-484d7ee0cd26','3c83f63b-2343-11e7-b36e-c03fd56ee88c','6001c111-5cb3-11e7-a11e-7a791928939c','f33bfd80-2331-11e7-b36e-c03fd56ee88c','253','529510c6-233d-11e7-b36e-c03fd56ee88c','Qui manifeste la volonté de nuire, la malveillance','Méchant',NULL,NULL,NULL);
INSERT INTO `question` VALUES ('e7b72e79-5fdd-11e7-a7e0-484d7ee0cd26','3c83f63b-2343-11e7-b36e-c03fd56ee88c','c2e552a9-5cb3-11e7-a11e-7a791928939c','f33bfd80-2331-11e7-b36e-c03fd56ee88c','315','d2cccf4b-233d-11e7-b36e-c03fd56ee88c',NULL,'accepter les idées des autres',NULL,NULL,NULL);
INSERT INTO `question` VALUES ('e7b74265-5fdd-11e7-a7e0-484d7ee0cd26','3c83f63b-2343-11e7-b36e-c03fd56ee88c','c2e552a9-5cb3-11e7-a11e-7a791928939c','f33bfd80-2331-11e7-b36e-c03fd56ee88c','316','d2cccf4b-233d-11e7-b36e-c03fd56ee88c',NULL,'affirmer son point de vue',NULL,NULL,NULL);
INSERT INTO `question` VALUES ('e7b74ff8-5fdd-11e7-a7e0-484d7ee0cd26','3c83f63b-2343-11e7-b36e-c03fd56ee88c','c2e552a9-5cb3-11e7-a11e-7a791928939c','f33bfd80-2331-11e7-b36e-c03fd56ee88c','317','d2cccf4b-233d-11e7-b36e-c03fd56ee88c',NULL,'argumenter',NULL,NULL,NULL);
INSERT INTO `question` VALUES ('e7b75f41-5fdd-11e7-a7e0-484d7ee0cd26','3c83f63b-2343-11e7-b36e-c03fd56ee88c','c2e552a9-5cb3-11e7-a11e-7a791928939c','f33bfd80-2331-11e7-b36e-c03fd56ee88c','318','d2cccf4b-233d-11e7-b36e-c03fd56ee88c',NULL,'avoir de l''empathie',NULL,NULL,NULL);
INSERT INTO `question` VALUES ('e7b769d5-5fdd-11e7-a7e0-484d7ee0cd26','3c83f63b-2343-11e7-b36e-c03fd56ee88c','c2e552a9-5cb3-11e7-a11e-7a791928939c','f33bfd80-2331-11e7-b36e-c03fd56ee88c','319','d2cccf4b-233d-11e7-b36e-c03fd56ee88c',NULL,'clarifier son propos',NULL,NULL,NULL);
INSERT INTO `question` VALUES ('e7b76e24-5fdd-11e7-a7e0-484d7ee0cd26','3c83f63b-2343-11e7-b36e-c03fd56ee88c','c2e552a9-5cb3-11e7-a11e-7a791928939c','f33bfd80-2331-11e7-b36e-c03fd56ee88c','320','d2cccf4b-233d-11e7-b36e-c03fd56ee88c',NULL,'complimenter, féliciter',NULL,NULL,NULL);
INSERT INTO `question` VALUES ('e7b77519-5fdd-11e7-a7e0-484d7ee0cd26','3c83f63b-2343-11e7-b36e-c03fd56ee88c','c2e552a9-5cb3-11e7-a11e-7a791928939c','f33bfd80-2331-11e7-b36e-c03fd56ee88c','321','d2cccf4b-233d-11e7-b36e-c03fd56ee88c',NULL,'convaincre',NULL,NULL,NULL);
INSERT INTO `question` VALUES ('e7b77eb9-5fdd-11e7-a7e0-484d7ee0cd26','3c83f63b-2343-11e7-b36e-c03fd56ee88c','c2e552a9-5cb3-11e7-a11e-7a791928939c','f33bfd80-2331-11e7-b36e-c03fd56ee88c','322','d2cccf4b-233d-11e7-b36e-c03fd56ee88c',NULL,'demander pour obtenir',NULL,NULL,NULL);
INSERT INTO `question` VALUES ('e7b782fb-5fdd-11e7-a7e0-484d7ee0cd26','3c83f63b-2343-11e7-b36e-c03fd56ee88c','c2e552a9-5cb3-11e7-a11e-7a791928939c','f33bfd80-2331-11e7-b36e-c03fd56ee88c','323','d2cccf4b-233d-11e7-b36e-c03fd56ee88c',NULL,'donner de la reconnaissance',NULL,NULL,NULL);
INSERT INTO `question` VALUES ('e7b78b81-5fdd-11e7-a7e0-484d7ee0cd26','3c83f63b-2343-11e7-b36e-c03fd56ee88c','c2e552a9-5cb3-11e7-a11e-7a791928939c','f33bfd80-2331-11e7-b36e-c03fd56ee88c','324','d2cccf4b-233d-11e7-b36e-c03fd56ee88c',NULL,'écouter',NULL,NULL,NULL);
INSERT INTO `question` VALUES ('e7b790be-5fdd-11e7-a7e0-484d7ee0cd26','3c83f63b-2343-11e7-b36e-c03fd56ee88c','c2e552a9-5cb3-11e7-a11e-7a791928939c','f33bfd80-2331-11e7-b36e-c03fd56ee88c','325','d2cccf4b-233d-11e7-b36e-c03fd56ee88c',NULL,'être compris',NULL,NULL,NULL);
INSERT INTO `question` VALUES ('e7b79d99-5fdd-11e7-a7e0-484d7ee0cd26','3c83f63b-2343-11e7-b36e-c03fd56ee88c','c2e552a9-5cb3-11e7-a11e-7a791928939c','f33bfd80-2331-11e7-b36e-c03fd56ee88c','326','d2cccf4b-233d-11e7-b36e-c03fd56ee88c',NULL,'exprimer ses émotions',NULL,NULL,NULL);
INSERT INTO `question` VALUES ('e7b7a9f8-5fdd-11e7-a7e0-484d7ee0cd26','3c83f63b-2343-11e7-b36e-c03fd56ee88c','c2e552a9-5cb3-11e7-a11e-7a791928939c','f33bfd80-2331-11e7-b36e-c03fd56ee88c','327','d2cccf4b-233d-11e7-b36e-c03fd56ee88c',NULL,'exprimer son avis',NULL,NULL,NULL);
INSERT INTO `question` VALUES ('e7b7b74a-5fdd-11e7-a7e0-484d7ee0cd26','3c83f63b-2343-11e7-b36e-c03fd56ee88c','c2e552a9-5cb3-11e7-a11e-7a791928939c','f33bfd80-2331-11e7-b36e-c03fd56ee88c','328','d2cccf4b-233d-11e7-b36e-c03fd56ee88c',NULL,'gérer son émotion',NULL,NULL,NULL);
INSERT INTO `question` VALUES ('e7b7c563-5fdd-11e7-a7e0-484d7ee0cd26','3c83f63b-2343-11e7-b36e-c03fd56ee88c','c2e552a9-5cb3-11e7-a11e-7a791928939c','f33bfd80-2331-11e7-b36e-c03fd56ee88c','329','d2cccf4b-233d-11e7-b36e-c03fd56ee88c',NULL,'négocier',NULL,NULL,NULL);
INSERT INTO `question` VALUES ('e7b7d147-5fdd-11e7-a7e0-484d7ee0cd26','3c83f63b-2343-11e7-b36e-c03fd56ee88c','c2e552a9-5cb3-11e7-a11e-7a791928939c','f33bfd80-2331-11e7-b36e-c03fd56ee88c','330','d2cccf4b-233d-11e7-b36e-c03fd56ee88c',NULL,'parler de soi',NULL,NULL,NULL);
INSERT INTO `question` VALUES ('e7b7de06-5fdd-11e7-a7e0-484d7ee0cd26','3c83f63b-2343-11e7-b36e-c03fd56ee88c','c2e552a9-5cb3-11e7-a11e-7a791928939c','f33bfd80-2331-11e7-b36e-c03fd56ee88c','331','d2cccf4b-233d-11e7-b36e-c03fd56ee88c',NULL,'plaisanter',NULL,NULL,NULL);
INSERT INTO `question` VALUES ('ebe063e2-60a4-11e7-a7e0-484d7ee0cd26','3f1790cb-2343-11e7-b36e-c03fd56ee88c','29c8ffa7-5cb4-11e7-a11e-7a791928939c','f4c0c96f-2331-11e7-b36e-c03fd56ee88c','531','529510c6-233d-11e7-b36e-c03fd56ee88c','Se dit de ce qui accuse, signale comme coupable, comme responsable','Accusateur',NULL,NULL,NULL);
INSERT INTO `question` VALUES ('ebe38a89-60a4-11e7-a7e0-484d7ee0cd26','3f1790cb-2343-11e7-b36e-c03fd56ee88c','29c8ffa7-5cb4-11e7-a11e-7a791928939c','f4c0c96f-2331-11e7-b36e-c03fd56ee88c','532','529510c6-233d-11e7-b36e-c03fd56ee88c','Qui manifeste une agressivité blessante, mordante','Acerbe',NULL,NULL,NULL);
INSERT INTO `question` VALUES ('ebe39835-60a4-11e7-a7e0-484d7ee0cd26','3f1790cb-2343-11e7-b36e-c03fd56ee88c','29c8ffa7-5cb4-11e7-a11e-7a791928939c','f4c0c96f-2331-11e7-b36e-c03fd56ee88c','533','529510c6-233d-11e7-b36e-c03fd56ee88c','Qui est naturellement porté à attaquer ; provocateur; belliqueux','Agressif',NULL,NULL,NULL);
INSERT INTO `question` VALUES ('ebe3a9fa-60a4-11e7-a7e0-484d7ee0cd26','3f1790cb-2343-11e7-b36e-c03fd56ee88c','29c8ffa7-5cb4-11e7-a11e-7a791928939c','f4c0c96f-2331-11e7-b36e-c03fd56ee88c','534','529510c6-233d-11e7-b36e-c03fd56ee88c','Personne que les déceptions ont rendue amère et irritable.','Aigri',NULL,NULL,NULL);
INSERT INTO `question` VALUES ('ebe3b9eb-60a4-11e7-a7e0-484d7ee0cd26','3f1790cb-2343-11e7-b36e-c03fd56ee88c','29c8ffa7-5cb4-11e7-a11e-7a791928939c','f4c0c96f-2331-11e7-b36e-c03fd56ee88c','535','529510c6-233d-11e7-b36e-c03fd56ee88c','Qui manque de personnalité, de caractère, d''énergie','Amorphe',NULL,NULL,NULL);
INSERT INTO `question` VALUES ('ebe3c8f1-60a4-11e7-a7e0-484d7ee0cd26','3f1790cb-2343-11e7-b36e-c03fd56ee88c','29c8ffa7-5cb4-11e7-a11e-7a791928939c','f4c0c96f-2331-11e7-b36e-c03fd56ee88c','536','529510c6-233d-11e7-b36e-c03fd56ee88c','Qui veut réussir, arriver à tout prix ; ambitieux sans scrupule','Arriviste',NULL,NULL,NULL);
INSERT INTO `question` VALUES ('ebe3d87b-60a4-11e7-a7e0-484d7ee0cd26','3f1790cb-2343-11e7-b36e-c03fd56ee88c','29c8ffa7-5cb4-11e7-a11e-7a791928939c','f4c0c96f-2331-11e7-b36e-c03fd56ee88c','537','529510c6-233d-11e7-b36e-c03fd56ee88c','Qui manifeste, à l''égard des autres, un orgueil méprisant','Arrogant',NULL,NULL,NULL);
INSERT INTO `question` VALUES ('ebe3e282-60a4-11e7-a7e0-484d7ee0cd26','3f1790cb-2343-11e7-b36e-c03fd56ee88c','29c8ffa7-5cb4-11e7-a11e-7a791928939c','f4c0c96f-2331-11e7-b36e-c03fd56ee88c','538','529510c6-233d-11e7-b36e-c03fd56ee88c','Qui n''est pas adapté à la vie sociale.','Asocial',NULL,NULL,NULL);
INSERT INTO `question` VALUES ('ebe3f38d-60a4-11e7-a7e0-484d7ee0cd26','3f1790cb-2343-11e7-b36e-c03fd56ee88c','29c8ffa7-5cb4-11e7-a11e-7a791928939c','f4c0c96f-2331-11e7-b36e-c03fd56ee88c','539','529510c6-233d-11e7-b36e-c03fd56ee88c','Compatible, conciliable, arrangeable.','Associable',NULL,NULL,NULL);
INSERT INTO `question` VALUES ('ebe4019c-60a4-11e7-a7e0-484d7ee0cd26','3f1790cb-2343-11e7-b36e-c03fd56ee88c','29c8ffa7-5cb4-11e7-a11e-7a791928939c','f4c0c96f-2331-11e7-b36e-c03fd56ee88c','540','529510c6-233d-11e7-b36e-c03fd56ee88c','Qui cherche constamment à imposer son autorité et ne supporte pas la contradiction.','Autoritaire',NULL,NULL,NULL);
INSERT INTO `question` VALUES ('edeece9b-5fc2-11e7-a7e0-484d7ee0cd26','3c83f63b-2343-11e7-b36e-c03fd56ee88c','6001c111-5cb3-11e7-a11e-7a791928939c','f33bfd80-2331-11e7-b36e-c03fd56ee88c','231','529510c6-233d-11e7-b36e-c03fd56ee88c','Qui varie souvent dans ses opinions, ses sentiments, ses résolutions, et, en particulier, qui manque de fidélité dans ses attachements, ses affections ; infidèle, versatile','Inconstant',NULL,NULL,NULL);
INSERT INTO `question` VALUES ('edf00659-5fc2-11e7-a7e0-484d7ee0cd26','3c83f63b-2343-11e7-b36e-c03fd56ee88c','6001c111-5cb3-11e7-a11e-7a791928939c','f33bfd80-2331-11e7-b36e-c03fd56ee88c','232','529510c6-233d-11e7-b36e-c03fd56ee88c','Qui a du mal à choisir, à se décider.','Indécis',NULL,NULL,NULL);
INSERT INTO `question` VALUES ('edf0177a-5fc2-11e7-a7e0-484d7ee0cd26','3c83f63b-2343-11e7-b36e-c03fd56ee88c','6001c111-5cb3-11e7-a11e-7a791928939c','f33bfd80-2331-11e7-b36e-c03fd56ee88c','233','529510c6-233d-11e7-b36e-c03fd56ee88c','Qui cherche à connaître avec une insistance choquante ce qu''on ne tient pas à dévoiler. Qui cherche à connaître avec une insistance choquante ce qu''on ne tient pas à dévoiler.','Indiscret',NULL,NULL,NULL);
INSERT INTO `question` VALUES ('edf02764-5fc2-11e7-a7e0-484d7ee0cd26','3c83f63b-2343-11e7-b36e-c03fd56ee88c','6001c111-5cb3-11e7-a11e-7a791928939c','f33bfd80-2331-11e7-b36e-c03fd56ee88c','234','529510c6-233d-11e7-b36e-c03fd56ee88c','Qui n''est pas satisfait. Inassouvi.','Insatisfait',NULL,NULL,NULL);
INSERT INTO `question` VALUES ('edf0361a-5fc2-11e7-a7e0-484d7ee0cd26','3c83f63b-2343-11e7-b36e-c03fd56ee88c','6001c111-5cb3-11e7-a11e-7a791928939c','f33bfd80-2331-11e7-b36e-c03fd56ee88c','235','529510c6-233d-11e7-b36e-c03fd56ee88c','Qui manifeste un esprit qui ne se soucie de rien.','Insouciant',NULL,NULL,NULL);
INSERT INTO `question` VALUES ('edf044bd-5fc2-11e7-a7e0-484d7ee0cd26','3c83f63b-2343-11e7-b36e-c03fd56ee88c','6001c111-5cb3-11e7-a11e-7a791928939c','f33bfd80-2331-11e7-b36e-c03fd56ee88c','236','529510c6-233d-11e7-b36e-c03fd56ee88c','Se dit d''une personne qui est instable affectivement ou psychologiquement. ','Instable',NULL,NULL,NULL);
INSERT INTO `question` VALUES ('f586f4cd-60b2-11e7-a7e0-484d7ee0cd26','3f1790cb-2343-11e7-b36e-c03fd56ee88c','4225b39a-5cb4-11e7-a11e-7a791928939c','f4c0c96f-2331-11e7-b36e-c03fd56ee88c','684','cb729134-233d-11e7-b36e-c03fd56ee88c','Quel élément vous correspond le mieux ?',NULL,NULL,NULL,NULL);
INSERT INTO `question` VALUES ('f63d4683-60b6-11e7-a7e0-484d7ee0cd26','3f1790cb-2343-11e7-b36e-c03fd56ee88c','65c255f3-5cb4-11e7-a11e-7a791928939c','f4c0c96f-2331-11e7-b36e-c03fd56ee88c','716','8276630d-5cb0-11e7-a11e-7a791928939c',NULL,'Créatif il propose de nouvelles idées, il a des solutions aux problèmes rencontrés',NULL,NULL,NULL);
INSERT INTO `question` VALUES ('f63e60f4-60b6-11e7-a7e0-484d7ee0cd26','3f1790cb-2343-11e7-b36e-c03fd56ee88c','65c255f3-5cb4-11e7-a11e-7a791928939c','f4c0c96f-2331-11e7-b36e-c03fd56ee88c','717','8276630d-5cb0-11e7-a11e-7a791928939c',NULL,'Réaliste il Evalue de façon logique la faisabilté des idées',NULL,NULL,NULL);
INSERT INTO `question` VALUES ('f63e6f34-60b6-11e7-a7e0-484d7ee0cd26','3f1790cb-2343-11e7-b36e-c03fd56ee88c','65c255f3-5cb4-11e7-a11e-7a791928939c','f4c0c96f-2331-11e7-b36e-c03fd56ee88c','718','8276630d-5cb0-11e7-a11e-7a791928939c',NULL,'Professionnel il apporte sa connaissance du sujet et ses grandes compétences à l''équipe',NULL,NULL,NULL);
INSERT INTO `question` VALUES ('f63e7ca9-60b6-11e7-a7e0-484d7ee0cd26','3f1790cb-2343-11e7-b36e-c03fd56ee88c','65c255f3-5cb4-11e7-a11e-7a791928939c','f4c0c96f-2331-11e7-b36e-c03fd56ee88c','719','8276630d-5cb0-11e7-a11e-7a791928939c',NULL,'Organisateur ,il définit et met en œuvre les manières de faire',NULL,NULL,NULL);
INSERT INTO `question` VALUES ('f63e8978-60b6-11e7-a7e0-484d7ee0cd26','3f1790cb-2343-11e7-b36e-c03fd56ee88c','65c255f3-5cb4-11e7-a11e-7a791928939c','f4c0c96f-2331-11e7-b36e-c03fd56ee88c','720','8276630d-5cb0-11e7-a11e-7a791928939c',NULL,'Motivé il pousse de façon dynamique les autres à l’action et aide l’équipe à recentrer son travail.',NULL,NULL,NULL);
INSERT INTO `question` VALUES ('f63e961a-60b6-11e7-a7e0-484d7ee0cd26','3f1790cb-2343-11e7-b36e-c03fd56ee88c','65c255f3-5cb4-11e7-a11e-7a791928939c','f4c0c96f-2331-11e7-b36e-c03fd56ee88c','721','8276630d-5cb0-11e7-a11e-7a791928939c',NULL,'Perfectionniste Il contrôle et vérifie pour que le projet soit bien fait.',NULL,NULL,NULL);
INSERT INTO `question` VALUES ('f63ea06d-60b6-11e7-a7e0-484d7ee0cd26','3f1790cb-2343-11e7-b36e-c03fd56ee88c','65c255f3-5cb4-11e7-a11e-7a791928939c','f4c0c96f-2331-11e7-b36e-c03fd56ee88c','722','8276630d-5cb0-11e7-a11e-7a791928939c',NULL,'Coordinateur  il aide chacun à optimiser sa tâche',NULL,NULL,NULL);
INSERT INTO `question` VALUES ('f63ead7c-60b6-11e7-a7e0-484d7ee0cd26','3f1790cb-2343-11e7-b36e-c03fd56ee88c','65c255f3-5cb4-11e7-a11e-7a791928939c','f4c0c96f-2331-11e7-b36e-c03fd56ee88c','723','8276630d-5cb0-11e7-a11e-7a791928939c',NULL,'Attentif aux autres ,Il crée du lien dans l''équipe et recherche les consensus.Il favorise la coopération dans le groupe',NULL,NULL,NULL);
INSERT INTO `question` VALUES ('f7bc8650-5d5f-11e7-a7e0-484d7ee0cd26','3c83f63b-2343-11e7-b36e-c03fd56ee88c','91c2ee2e-5c94-11e7-a11e-7a791928939c','f33bfd80-2331-11e7-b36e-c03fd56ee88c','10','529510c6-233d-11e7-b36e-c03fd56ee88c','Drôle, divertissant, qui amuse.','Amusant',NULL,NULL,NULL);
INSERT INTO `question` VALUES ('fecc70a3-5d60-11e7-a7e0-484d7ee0cd26','3c83f63b-2343-11e7-b36e-c03fd56ee88c','91c2ee2e-5c94-11e7-a11e-7a791928939c','f33bfd80-2331-11e7-b36e-c03fd56ee88c','17','529510c6-233d-11e7-b36e-c03fd56ee88c','Qui est plein de prévenances, d''attentions, de gentillesse ','Attentionné',NULL,NULL,NULL);
INSERT INTO `question` VALUES ('fece7010-5d60-11e7-a7e0-484d7ee0cd26','3c83f63b-2343-11e7-b36e-c03fd56ee88c','91c2ee2e-5c94-11e7-a11e-7a791928939c','f33bfd80-2331-11e7-b36e-c03fd56ee88c','18','529510c6-233d-11e7-b36e-c03fd56ee88c','Qui plaît, séduit, attire par son charme ; attrayant, captivant ','Attractif',NULL,NULL,NULL);
CREATE TABLE photo(id TEXT, name TEXT, url TEXT );
CREATE TABLE myvalue(id TEXT, userId TEXT, myvalueId TEXT, myvaluedescription TEXT PRIMARY KEY, myvalueanswer TEXT );
CREATE TABLE modelanswer(id TEXT, userId TEXT, name TEXT, photoId TEXT, description TEXT, valuemodel TEXT );
CREATE TABLE model(id TEXT, userId TEXT, name TEXT, photoId TEXT, description TEXT );
CREATE TABLE missionquestion(id TEXT, questionid TEXT, description TEXT );
CREATE TABLE missionanswer(id TEXT, answerid TEXT, answer TEXT );
CREATE TABLE mission(id TEXT, userId TEXT, missionquestionid TEXT, missionanswerid TEXT, date TEXT );
CREATE TABLE lifeline(id TEXT, userId TEXT, eventDescription TEXT, eventDate TEXT,photoId TEXT, emotion TEXT, creationDate TEXT );
CREATE TABLE language(id TEXT, language TEXT, code TEXT );
INSERT INTO `language` VALUES ('f4e15ba0-153c-11e7-a51d-c03fd56ee88c','english','1');
INSERT INTO `language` VALUES ('f81d0011-153c-11e7-a51d-c03fd56ee88c','french','2');
CREATE TABLE feedbackquestion(feedbackquestionid TEXT, description TEXT );
CREATE TABLE feedback(id TEXT, feedbackquestionid TEXT, userid TEXT, localeid TEXT,version TEXT );
CREATE TABLE eventtype(id TEXT, name TEXT, description TEXT );
CREATE TABLE emotion(id TEXT, name TEXT, description TEXT );
CREATE TABLE attribute(id TEXT, name TEXT );
INSERT INTO `attribute` VALUES ('08247b0d-5cb4-11e7-a11e-7a791928939c','Ses motivations');
INSERT INTO `attribute` VALUES ('1f935fc4-5cb4-11e7-a11e-7a791928939c','Si j''étais un animal');
INSERT INTO `attribute` VALUES ('24551cf0-5cb4-11e7-a11e-7a791928939c','Mes attributs forts');
INSERT INTO `attribute` VALUES ('29c8ffa7-5cb4-11e7-a11e-7a791928939c','Mes attributs faibles');
INSERT INTO `attribute` VALUES ('4225b39a-5cb4-11e7-a11e-7a791928939c','Si j''étais un élément');
INSERT INTO `attribute` VALUES ('4a06bf6d-5cb4-11e7-a11e-7a791928939c','Mes capacités à');
INSERT INTO `attribute` VALUES ('5185d07a-5cb4-11e7-a11e-7a791928939c','Si j''étais une saison');
INSERT INTO `attribute` VALUES ('6001c111-5cb3-11e7-a11e-7a791928939c','Ses attributs faibles');
INSERT INTO `attribute` VALUES ('63d7a2a1-5cb3-11e7-a11e-7a791928939c','S''íl était un élément');
INSERT INTO `attribute` VALUES ('65c255f3-5cb4-11e7-a11e-7a791928939c','Mon rôle dans une équipe');
INSERT INTO `attribute` VALUES ('6c1f0c72-5cb4-11e7-a11e-7a791928939c','Si j''étais une couleur');
INSERT INTO `attribute` VALUES ('7296fd4a-5cb4-11e7-a11e-7a791928939c','Mes motivations');
INSERT INTO `attribute` VALUES ('8ab363b7-2338-11e7-b36e-c03fd56ee88c','S''il était un animal');
INSERT INTO `attribute` VALUES ('91c2ee2e-5c94-11e7-a11e-7a791928939c','Ses attributs forts');
INSERT INTO `attribute` VALUES ('c2e552a9-5cb3-11e7-a11e-7a791928939c','Ses capacités à');
INSERT INTO `attribute` VALUES ('c7953035-5cb3-11e7-a11e-7a791928939c','S''il était une saison');
INSERT INTO `attribute` VALUES ('ec8cbfce-5cb3-11e7-a11e-7a791928939c','Son rôle dans l''équipe');
INSERT INTO `attribute` VALUES ('f9ab6d3e-5cb3-11e7-a11e-7a791928939c','S''il était une couleur');
CREATE TABLE answersummary(id TEXT, userId TEXT, questionId TEXT, questionName TEXT, answer TEXT );
CREATE TABLE answerresult(id TEXT, userId TEXT, answerId TEXT,lastAnsweredDate TEXT, questionId TEXT, friendUserId TEXT, sent TEXT, sent_on TEXT );
CREATE TABLE answer(id TEXT, photoid TEXT, description TEXT, weight TEXT,ratingtypeid TEXT, activityCategoryId TEXT, localeid TEXT, version TEXT );
INSERT INTO `answer` VALUES ('002d5d89-6156-11e7-a7e0-484d7ee0cd26',NULL,'Pas du tout',NULL,'8276630d-5cb0-11e7-a11e-7a791928939c','f4c0c96f-2331-11e7-b36e-c03fd56ee88c',NULL,NULL);
INSERT INTO `answer` VALUES ('002f5c9a-6156-11e7-a7e0-484d7ee0cd26',NULL,'Un peu',NULL,'8276630d-5cb0-11e7-a11e-7a791928939c','f4c0c96f-2331-11e7-b36e-c03fd56ee88c',NULL,NULL);
INSERT INTO `answer` VALUES ('002f6d54-6156-11e7-a7e0-484d7ee0cd26',NULL,'Tout à fait',NULL,'8276630d-5cb0-11e7-a11e-7a791928939c','f4c0c96f-2331-11e7-b36e-c03fd56ee88c',NULL,NULL);
INSERT INTO `answer` VALUES ('01595f4f-614e-11e7-a7e0-484d7ee0cd26',NULL,'0',NULL,'d2cccf4b-233d-11e7-b36e-c03fd56ee88c','f33bfd80-2331-11e7-b36e-c03fd56ee88c',NULL,NULL);
INSERT INTO `answer` VALUES ('015b0f4a-614e-11e7-a7e0-484d7ee0cd26',NULL,'1',NULL,'d2cccf4b-233d-11e7-b36e-c03fd56ee88c','f33bfd80-2331-11e7-b36e-c03fd56ee88c',NULL,NULL);
INSERT INTO `answer` VALUES ('015b2236-614e-11e7-a7e0-484d7ee0cd26',NULL,'2',NULL,'d2cccf4b-233d-11e7-b36e-c03fd56ee88c','f33bfd80-2331-11e7-b36e-c03fd56ee88c',NULL,NULL);
INSERT INTO `answer` VALUES ('015b2ddd-614e-11e7-a7e0-484d7ee0cd26',NULL,'3',NULL,'d2cccf4b-233d-11e7-b36e-c03fd56ee88c','f33bfd80-2331-11e7-b36e-c03fd56ee88c',NULL,NULL);
INSERT INTO `answer` VALUES ('01659eae-614e-11e7-a7e0-484d7ee0cd26',NULL,'4',NULL,'d2cccf4b-233d-11e7-b36e-c03fd56ee88c','f33bfd80-2331-11e7-b36e-c03fd56ee88c',NULL,NULL);
INSERT INTO `answer` VALUES ('0cee2335-6155-11e7-a7e0-484d7ee0cd26',NULL,'Je ne sais pas',NULL,'529510c6-233d-11e7-b36e-c03fd56ee88c','f4c0c96f-2331-11e7-b36e-c03fd56ee88c',NULL,NULL);
INSERT INTO `answer` VALUES ('0cef6785-6155-11e7-a7e0-484d7ee0cd26',NULL,'Jamais',NULL,'529510c6-233d-11e7-b36e-c03fd56ee88c','f4c0c96f-2331-11e7-b36e-c03fd56ee88c',NULL,NULL);
INSERT INTO `answer` VALUES ('0cef772f-6155-11e7-a7e0-484d7ee0cd26',NULL,'De temps en temps',NULL,'529510c6-233d-11e7-b36e-c03fd56ee88c','f4c0c96f-2331-11e7-b36e-c03fd56ee88c',NULL,NULL);
INSERT INTO `answer` VALUES ('0cef8625-6155-11e7-a7e0-484d7ee0cd26',NULL,'Souvent',NULL,'529510c6-233d-11e7-b36e-c03fd56ee88c','f4c0c96f-2331-11e7-b36e-c03fd56ee88c',NULL,NULL);
INSERT INTO `answer` VALUES ('0cef9179-6155-11e7-a7e0-484d7ee0cd26',NULL,'Toujours',NULL,'529510c6-233d-11e7-b36e-c03fd56ee88c','f4c0c96f-2331-11e7-b36e-c03fd56ee88c',NULL,NULL);
INSERT INTO `answer` VALUES ('20e48d7e-614d-11e7-a7e0-484d7ee0cd26',NULL,'aigle',NULL,'21c4d400-233e-11e7-b36e-c03fd56ee88c','f33bfd80-2331-11e7-b36e-c03fd56ee88c',NULL,NULL);
INSERT INTO `answer` VALUES ('20e5dbe7-614d-11e7-a7e0-484d7ee0cd26',NULL,'araignée',NULL,'21c4d400-233e-11e7-b36e-c03fd56ee88c','f33bfd80-2331-11e7-b36e-c03fd56ee88c',NULL,NULL);
INSERT INTO `answer` VALUES ('20e5eabb-614d-11e7-a7e0-484d7ee0cd26',NULL,'caméléon',NULL,'21c4d400-233e-11e7-b36e-c03fd56ee88c','f33bfd80-2331-11e7-b36e-c03fd56ee88c',NULL,NULL);
INSERT INTO `answer` VALUES ('20e5f6b9-614d-11e7-a7e0-484d7ee0cd26',NULL,'carpe',NULL,'21c4d400-233e-11e7-b36e-c03fd56ee88c','f33bfd80-2331-11e7-b36e-c03fd56ee88c',NULL,NULL);
INSERT INTO `answer` VALUES ('20e605c2-614d-11e7-a7e0-484d7ee0cd26',NULL,'castor',NULL,'21c4d400-233e-11e7-b36e-c03fd56ee88c','f33bfd80-2331-11e7-b36e-c03fd56ee88c',NULL,NULL);
INSERT INTO `answer` VALUES ('20e61492-614d-11e7-a7e0-484d7ee0cd26',NULL,'chat',NULL,'21c4d400-233e-11e7-b36e-c03fd56ee88c','f33bfd80-2331-11e7-b36e-c03fd56ee88c',NULL,NULL);
INSERT INTO `answer` VALUES ('20e62221-614d-11e7-a7e0-484d7ee0cd26',NULL,'cheval',NULL,'21c4d400-233e-11e7-b36e-c03fd56ee88c','f33bfd80-2331-11e7-b36e-c03fd56ee88c',NULL,NULL);
INSERT INTO `answer` VALUES ('20e62d68-614d-11e7-a7e0-484d7ee0cd26',NULL,'chien',NULL,'21c4d400-233e-11e7-b36e-c03fd56ee88c','f33bfd80-2331-11e7-b36e-c03fd56ee88c',NULL,NULL);
INSERT INTO `answer` VALUES ('20e63a4a-614d-11e7-a7e0-484d7ee0cd26',NULL,'chouette',NULL,'21c4d400-233e-11e7-b36e-c03fd56ee88c','f33bfd80-2331-11e7-b36e-c03fd56ee88c',NULL,NULL);
INSERT INTO `answer` VALUES ('20e64685-614d-11e7-a7e0-484d7ee0cd26',NULL,'coq',NULL,'21c4d400-233e-11e7-b36e-c03fd56ee88c','f33bfd80-2331-11e7-b36e-c03fd56ee88c',NULL,NULL);
INSERT INTO `answer` VALUES ('20e653d4-614d-11e7-a7e0-484d7ee0cd26',NULL,'corbeau',NULL,'21c4d400-233e-11e7-b36e-c03fd56ee88c','f33bfd80-2331-11e7-b36e-c03fd56ee88c',NULL,NULL);
INSERT INTO `answer` VALUES ('20e66160-614d-11e7-a7e0-484d7ee0cd26',NULL,'cygne',NULL,'21c4d400-233e-11e7-b36e-c03fd56ee88c','f33bfd80-2331-11e7-b36e-c03fd56ee88c',NULL,NULL);
INSERT INTO `answer` VALUES ('20e66ca1-614d-11e7-a7e0-484d7ee0cd26',NULL,'dauphin',NULL,'21c4d400-233e-11e7-b36e-c03fd56ee88c','f33bfd80-2331-11e7-b36e-c03fd56ee88c',NULL,NULL);
INSERT INTO `answer` VALUES ('20e6719e-614d-11e7-a7e0-484d7ee0cd26',NULL,'éléphant',NULL,'21c4d400-233e-11e7-b36e-c03fd56ee88c','f33bfd80-2331-11e7-b36e-c03fd56ee88c',NULL,NULL);
INSERT INTO `answer` VALUES ('20e67697-614d-11e7-a7e0-484d7ee0cd26',NULL,'fouine',NULL,'21c4d400-233e-11e7-b36e-c03fd56ee88c','f33bfd80-2331-11e7-b36e-c03fd56ee88c',NULL,NULL);
INSERT INTO `answer` VALUES ('20e67b84-614d-11e7-a7e0-484d7ee0cd26',NULL,'gazelle',NULL,'21c4d400-233e-11e7-b36e-c03fd56ee88c','f33bfd80-2331-11e7-b36e-c03fd56ee88c',NULL,NULL);
INSERT INTO `answer` VALUES ('20e67ee9-614d-11e7-a7e0-484d7ee0cd26',NULL,'lézard',NULL,'21c4d400-233e-11e7-b36e-c03fd56ee88c','f33bfd80-2331-11e7-b36e-c03fd56ee88c',NULL,NULL);
INSERT INTO `answer` VALUES ('20e68429-614d-11e7-a7e0-484d7ee0cd26',NULL,'libellule',NULL,'21c4d400-233e-11e7-b36e-c03fd56ee88c','f33bfd80-2331-11e7-b36e-c03fd56ee88c',NULL,NULL);
INSERT INTO `answer` VALUES ('20e68c1f-614d-11e7-a7e0-484d7ee0cd26',NULL,'lion/lionne',NULL,'21c4d400-233e-11e7-b36e-c03fd56ee88c','f33bfd80-2331-11e7-b36e-c03fd56ee88c',NULL,NULL);
INSERT INTO `answer` VALUES ('20e68fb4-614d-11e7-a7e0-484d7ee0cd26',NULL,'loup/louve',NULL,'21c4d400-233e-11e7-b36e-c03fd56ee88c','f33bfd80-2331-11e7-b36e-c03fd56ee88c',NULL,NULL);
INSERT INTO `answer` VALUES ('20e69366-614d-11e7-a7e0-484d7ee0cd26',NULL,'marmotte',NULL,'21c4d400-233e-11e7-b36e-c03fd56ee88c','f33bfd80-2331-11e7-b36e-c03fd56ee88c',NULL,NULL);
INSERT INTO `answer` VALUES ('20e69d70-614d-11e7-a7e0-484d7ee0cd26',NULL,'moustique',NULL,'21c4d400-233e-11e7-b36e-c03fd56ee88c','f33bfd80-2331-11e7-b36e-c03fd56ee88c',NULL,NULL);
INSERT INTO `answer` VALUES ('20e6a3de-614d-11e7-a7e0-484d7ee0cd26',NULL,'mouton',NULL,'21c4d400-233e-11e7-b36e-c03fd56ee88c','f33bfd80-2331-11e7-b36e-c03fd56ee88c',NULL,NULL);
INSERT INTO `answer` VALUES ('20e6aaec-614d-11e7-a7e0-484d7ee0cd26',NULL,'mule',NULL,'21c4d400-233e-11e7-b36e-c03fd56ee88c','f33bfd80-2331-11e7-b36e-c03fd56ee88c',NULL,NULL);
INSERT INTO `answer` VALUES ('20e6b153-614d-11e7-a7e0-484d7ee0cd26',NULL,'ours',NULL,'21c4d400-233e-11e7-b36e-c03fd56ee88c','f33bfd80-2331-11e7-b36e-c03fd56ee88c',NULL,NULL);
INSERT INTO `answer` VALUES ('20e6b73d-614d-11e7-a7e0-484d7ee0cd26',NULL,'paon',NULL,'21c4d400-233e-11e7-b36e-c03fd56ee88c','f33bfd80-2331-11e7-b36e-c03fd56ee88c',NULL,NULL);
INSERT INTO `answer` VALUES ('20e6c25e-614d-11e7-a7e0-484d7ee0cd26',NULL,'papillon',NULL,'21c4d400-233e-11e7-b36e-c03fd56ee88c','f33bfd80-2331-11e7-b36e-c03fd56ee88c',NULL,NULL);
INSERT INTO `answer` VALUES ('20e6c90f-614d-11e7-a7e0-484d7ee0cd26',NULL,'perroquet',NULL,'21c4d400-233e-11e7-b36e-c03fd56ee88c','f33bfd80-2331-11e7-b36e-c03fd56ee88c',NULL,NULL);
INSERT INTO `answer` VALUES ('20e6cee9-614d-11e7-a7e0-484d7ee0cd26',NULL,'renard',NULL,'21c4d400-233e-11e7-b36e-c03fd56ee88c','f33bfd80-2331-11e7-b36e-c03fd56ee88c',NULL,NULL);
INSERT INTO `answer` VALUES ('20e6d37f-614d-11e7-a7e0-484d7ee0cd26',NULL,'requin',NULL,'21c4d400-233e-11e7-b36e-c03fd56ee88c','f33bfd80-2331-11e7-b36e-c03fd56ee88c',NULL,NULL);
INSERT INTO `answer` VALUES ('20e6d82c-614d-11e7-a7e0-484d7ee0cd26',NULL,'serpent',NULL,'21c4d400-233e-11e7-b36e-c03fd56ee88c','f33bfd80-2331-11e7-b36e-c03fd56ee88c',NULL,NULL);
INSERT INTO `answer` VALUES ('20e6dcbc-614d-11e7-a7e0-484d7ee0cd26',NULL,'singe',NULL,'21c4d400-233e-11e7-b36e-c03fd56ee88c','f33bfd80-2331-11e7-b36e-c03fd56ee88c',NULL,NULL);
INSERT INTO `answer` VALUES ('20e6e03e-614d-11e7-a7e0-484d7ee0cd26',NULL,'souris',NULL,'21c4d400-233e-11e7-b36e-c03fd56ee88c','f33bfd80-2331-11e7-b36e-c03fd56ee88c',NULL,NULL);
INSERT INTO `answer` VALUES ('20e6e517-614d-11e7-a7e0-484d7ee0cd26',NULL,'tigre/tigresse',NULL,'21c4d400-233e-11e7-b36e-c03fd56ee88c','f33bfd80-2331-11e7-b36e-c03fd56ee88c',NULL,NULL);
INSERT INTO `answer` VALUES ('20e6e9de-614d-11e7-a7e0-484d7ee0cd26',NULL,'tortue',NULL,'21c4d400-233e-11e7-b36e-c03fd56ee88c','f33bfd80-2331-11e7-b36e-c03fd56ee88c',NULL,NULL);
INSERT INTO `answer` VALUES ('25f0e740-6154-11e7-a7e0-484d7ee0cd26',NULL,'aigle',NULL,'21c4d400-233e-11e7-b36e-c03fd56ee88c','f4c0c96f-2331-11e7-b36e-c03fd56ee88c',NULL,NULL);
INSERT INTO `answer` VALUES ('25f2df80-6154-11e7-a7e0-484d7ee0cd26',NULL,'araignée',NULL,'21c4d400-233e-11e7-b36e-c03fd56ee88c','f4c0c96f-2331-11e7-b36e-c03fd56ee88c',NULL,NULL);
INSERT INTO `answer` VALUES ('25f2f07a-6154-11e7-a7e0-484d7ee0cd26',NULL,'caméléon',NULL,'21c4d400-233e-11e7-b36e-c03fd56ee88c','f4c0c96f-2331-11e7-b36e-c03fd56ee88c',NULL,NULL);
INSERT INTO `answer` VALUES ('25f30092-6154-11e7-a7e0-484d7ee0cd26',NULL,'carpe',NULL,'21c4d400-233e-11e7-b36e-c03fd56ee88c','f4c0c96f-2331-11e7-b36e-c03fd56ee88c',NULL,NULL);
INSERT INTO `answer` VALUES ('25f3101f-6154-11e7-a7e0-484d7ee0cd26',NULL,'castor',NULL,'21c4d400-233e-11e7-b36e-c03fd56ee88c','f4c0c96f-2331-11e7-b36e-c03fd56ee88c',NULL,NULL);
INSERT INTO `answer` VALUES ('25f31c43-6154-11e7-a7e0-484d7ee0cd26',NULL,'chat',NULL,'21c4d400-233e-11e7-b36e-c03fd56ee88c','f4c0c96f-2331-11e7-b36e-c03fd56ee88c',NULL,NULL);
INSERT INTO `answer` VALUES ('25fc82bc-6154-11e7-a7e0-484d7ee0cd26',NULL,'cheval',NULL,'21c4d400-233e-11e7-b36e-c03fd56ee88c','f4c0c96f-2331-11e7-b36e-c03fd56ee88c',NULL,NULL);
INSERT INTO `answer` VALUES ('25fc89be-6154-11e7-a7e0-484d7ee0cd26',NULL,'chien',NULL,'21c4d400-233e-11e7-b36e-c03fd56ee88c','f4c0c96f-2331-11e7-b36e-c03fd56ee88c',NULL,NULL);
INSERT INTO `answer` VALUES ('25fc8db7-6154-11e7-a7e0-484d7ee0cd26',NULL,'chouette',NULL,'21c4d400-233e-11e7-b36e-c03fd56ee88c','f4c0c96f-2331-11e7-b36e-c03fd56ee88c',NULL,NULL);
INSERT INTO `answer` VALUES ('25fc913c-6154-11e7-a7e0-484d7ee0cd26',NULL,'coq',NULL,'21c4d400-233e-11e7-b36e-c03fd56ee88c','f4c0c96f-2331-11e7-b36e-c03fd56ee88c',NULL,NULL);
INSERT INTO `answer` VALUES ('25fc9ba0-6154-11e7-a7e0-484d7ee0cd26','','corbeau',NULL,'21c4d400-233e-11e7-b36e-c03fd56ee88c','f4c0c96f-2331-11e7-b36e-c03fd56ee88c',NULL,NULL);
INSERT INTO `answer` VALUES ('25fca995-6154-11e7-a7e0-484d7ee0cd26',NULL,'cygne',NULL,'21c4d400-233e-11e7-b36e-c03fd56ee88c','f4c0c96f-2331-11e7-b36e-c03fd56ee88c',NULL,NULL);
INSERT INTO `answer` VALUES ('25fcb892-6154-11e7-a7e0-484d7ee0cd26',NULL,'dauphin',NULL,'21c4d400-233e-11e7-b36e-c03fd56ee88c','f4c0c96f-2331-11e7-b36e-c03fd56ee88c',NULL,NULL);
INSERT INTO `answer` VALUES ('25fcc7cc-6154-11e7-a7e0-484d7ee0cd26',NULL,'éléphant',NULL,'21c4d400-233e-11e7-b36e-c03fd56ee88c','f4c0c96f-2331-11e7-b36e-c03fd56ee88c',NULL,NULL);
INSERT INTO `answer` VALUES ('25fcd5ee-6154-11e7-a7e0-484d7ee0cd26',NULL,'fouine',NULL,'21c4d400-233e-11e7-b36e-c03fd56ee88c','f4c0c96f-2331-11e7-b36e-c03fd56ee88c',NULL,NULL);
INSERT INTO `answer` VALUES ('25fce38a-6154-11e7-a7e0-484d7ee0cd26',NULL,'gazelle',NULL,'21c4d400-233e-11e7-b36e-c03fd56ee88c','f4c0c96f-2331-11e7-b36e-c03fd56ee88c',NULL,NULL);
INSERT INTO `answer` VALUES ('25fcf3f2-6154-11e7-a7e0-484d7ee0cd26',NULL,'lézard',NULL,'21c4d400-233e-11e7-b36e-c03fd56ee88c','f4c0c96f-2331-11e7-b36e-c03fd56ee88c',NULL,NULL);
INSERT INTO `answer` VALUES ('25fd0121-6154-11e7-a7e0-484d7ee0cd26',NULL,'libellule',NULL,'21c4d400-233e-11e7-b36e-c03fd56ee88c','f4c0c96f-2331-11e7-b36e-c03fd56ee88c',NULL,NULL);
INSERT INTO `answer` VALUES ('25fd0eac-6154-11e7-a7e0-484d7ee0cd26',NULL,'lion/lionne',NULL,'21c4d400-233e-11e7-b36e-c03fd56ee88c','f4c0c96f-2331-11e7-b36e-c03fd56ee88c',NULL,NULL);
INSERT INTO `answer` VALUES ('25fd1ec0-6154-11e7-a7e0-484d7ee0cd26',NULL,'loup/louve',NULL,'21c4d400-233e-11e7-b36e-c03fd56ee88c','f4c0c96f-2331-11e7-b36e-c03fd56ee88c',NULL,NULL);
INSERT INTO `answer` VALUES ('25fd2c79-6154-11e7-a7e0-484d7ee0cd26',NULL,'marmotte',NULL,'21c4d400-233e-11e7-b36e-c03fd56ee88c','f4c0c96f-2331-11e7-b36e-c03fd56ee88c',NULL,NULL);
INSERT INTO `answer` VALUES ('25fd39e5-6154-11e7-a7e0-484d7ee0cd26',NULL,'moustique',NULL,'21c4d400-233e-11e7-b36e-c03fd56ee88c','f4c0c96f-2331-11e7-b36e-c03fd56ee88c',NULL,NULL);
INSERT INTO `answer` VALUES ('25fd4764-6154-11e7-a7e0-484d7ee0cd26',NULL,'mouton',NULL,'21c4d400-233e-11e7-b36e-c03fd56ee88c','f4c0c96f-2331-11e7-b36e-c03fd56ee88c',NULL,NULL);
INSERT INTO `answer` VALUES ('25fd53d2-6154-11e7-a7e0-484d7ee0cd26',NULL,'mule',NULL,'21c4d400-233e-11e7-b36e-c03fd56ee88c','f4c0c96f-2331-11e7-b36e-c03fd56ee88c',NULL,NULL);
INSERT INTO `answer` VALUES ('25fd5ada-6154-11e7-a7e0-484d7ee0cd26',NULL,'ours',NULL,'21c4d400-233e-11e7-b36e-c03fd56ee88c','f4c0c96f-2331-11e7-b36e-c03fd56ee88c',NULL,NULL);
INSERT INTO `answer` VALUES ('25fd6117-6154-11e7-a7e0-484d7ee0cd26',NULL,'paon',NULL,'21c4d400-233e-11e7-b36e-c03fd56ee88c','f4c0c96f-2331-11e7-b36e-c03fd56ee88c',NULL,NULL);
INSERT INTO `answer` VALUES ('25fd6755-6154-11e7-a7e0-484d7ee0cd26',NULL,'papillon',NULL,'21c4d400-233e-11e7-b36e-c03fd56ee88c','f4c0c96f-2331-11e7-b36e-c03fd56ee88c',NULL,NULL);
INSERT INTO `answer` VALUES ('25fd6b5b-6154-11e7-a7e0-484d7ee0cd26',NULL,'perroquet',NULL,'21c4d400-233e-11e7-b36e-c03fd56ee88c','f4c0c96f-2331-11e7-b36e-c03fd56ee88c',NULL,NULL);
INSERT INTO `answer` VALUES ('25fd6feb-6154-11e7-a7e0-484d7ee0cd26',NULL,'renard',NULL,'21c4d400-233e-11e7-b36e-c03fd56ee88c','f4c0c96f-2331-11e7-b36e-c03fd56ee88c',NULL,NULL);
INSERT INTO `answer` VALUES ('25fd75a8-6154-11e7-a7e0-484d7ee0cd26',NULL,'requin',NULL,'21c4d400-233e-11e7-b36e-c03fd56ee88c','f4c0c96f-2331-11e7-b36e-c03fd56ee88c',NULL,NULL);
INSERT INTO `answer` VALUES ('25fd7bef-6154-11e7-a7e0-484d7ee0cd26',NULL,'serpent',NULL,'21c4d400-233e-11e7-b36e-c03fd56ee88c','f4c0c96f-2331-11e7-b36e-c03fd56ee88c',NULL,NULL);
INSERT INTO `answer` VALUES ('25fd8105-6154-11e7-a7e0-484d7ee0cd26',NULL,'singe',NULL,'21c4d400-233e-11e7-b36e-c03fd56ee88c','f4c0c96f-2331-11e7-b36e-c03fd56ee88c',NULL,NULL);
INSERT INTO `answer` VALUES ('25fd8495-6154-11e7-a7e0-484d7ee0cd26',NULL,'souris',NULL,'21c4d400-233e-11e7-b36e-c03fd56ee88c','f4c0c96f-2331-11e7-b36e-c03fd56ee88c',NULL,NULL);
INSERT INTO `answer` VALUES ('25fd883d-6154-11e7-a7e0-484d7ee0cd26',NULL,'tigre/tigresse',NULL,'21c4d400-233e-11e7-b36e-c03fd56ee88c','f4c0c96f-2331-11e7-b36e-c03fd56ee88c',NULL,NULL);
INSERT INTO `answer` VALUES ('25fd8c50-6154-11e7-a7e0-484d7ee0cd26',NULL,'tortue',NULL,'21c4d400-233e-11e7-b36e-c03fd56ee88c','f4c0c96f-2331-11e7-b36e-c03fd56ee88c',NULL,NULL);
INSERT INTO `answer` VALUES ('3b649dfb-6155-11e7-a7e0-484d7ee0cd26',NULL,'Eau ',NULL,'cb729134-233d-11e7-b36e-c03fd56ee88c','f4c0c96f-2331-11e7-b36e-c03fd56ee88c',NULL,NULL);
INSERT INTO `answer` VALUES ('3b67f514-6155-11e7-a7e0-484d7ee0cd26',NULL,'Air',NULL,'cb729134-233d-11e7-b36e-c03fd56ee88c','f4c0c96f-2331-11e7-b36e-c03fd56ee88c',NULL,NULL);
INSERT INTO `answer` VALUES ('3b681223-6155-11e7-a7e0-484d7ee0cd26',NULL,'Feu',NULL,'cb729134-233d-11e7-b36e-c03fd56ee88c','f4c0c96f-2331-11e7-b36e-c03fd56ee88c',NULL,NULL);
INSERT INTO `answer` VALUES ('3b6821ad-6155-11e7-a7e0-484d7ee0cd26',NULL,'Terre',NULL,'cb729134-233d-11e7-b36e-c03fd56ee88c','f4c0c96f-2331-11e7-b36e-c03fd56ee88c',NULL,NULL);
INSERT INTO `answer` VALUES ('3d459c66-6153-11e7-a7e0-484d7ee0cd26',NULL,'Noir',NULL,'866ff60f-5cb0-11e7-a11e-7a791928939c','f33bfd80-2331-11e7-b36e-c03fd56ee88c',NULL,NULL);
INSERT INTO `answer` VALUES ('3d47188f-6153-11e7-a7e0-484d7ee0cd26',NULL,'Bleu',NULL,'866ff60f-5cb0-11e7-a11e-7a791928939c','f33bfd80-2331-11e7-b36e-c03fd56ee88c',NULL,NULL);
INSERT INTO `answer` VALUES ('3d472b08-6153-11e7-a7e0-484d7ee0cd26',NULL,'Rouge',NULL,'866ff60f-5cb0-11e7-a11e-7a791928939c','f33bfd80-2331-11e7-b36e-c03fd56ee88c',NULL,NULL);
INSERT INTO `answer` VALUES ('3d473aa8-6153-11e7-a7e0-484d7ee0cd26',NULL,'Jaune',NULL,'866ff60f-5cb0-11e7-a11e-7a791928939c','f33bfd80-2331-11e7-b36e-c03fd56ee88c',NULL,NULL);
INSERT INTO `answer` VALUES ('3d4749b2-6153-11e7-a7e0-484d7ee0cd26',NULL,'Vert',NULL,'866ff60f-5cb0-11e7-a11e-7a791928939c','f33bfd80-2331-11e7-b36e-c03fd56ee88c',NULL,NULL);
INSERT INTO `answer` VALUES ('3d475328-6153-11e7-a7e0-484d7ee0cd26',NULL,'Violet',NULL,'866ff60f-5cb0-11e7-a11e-7a791928939c','f33bfd80-2331-11e7-b36e-c03fd56ee88c',NULL,NULL);
INSERT INTO `answer` VALUES ('3d475ea6-6153-11e7-a7e0-484d7ee0cd26',NULL,'Orange',NULL,'866ff60f-5cb0-11e7-a11e-7a791928939c','f33bfd80-2331-11e7-b36e-c03fd56ee88c',NULL,NULL);
INSERT INTO `answer` VALUES ('3d476829-6153-11e7-a7e0-484d7ee0cd26',NULL,'Rose',NULL,'866ff60f-5cb0-11e7-a11e-7a791928939c','f33bfd80-2331-11e7-b36e-c03fd56ee88c',NULL,NULL);
INSERT INTO `answer` VALUES ('3d4774b4-6153-11e7-a7e0-484d7ee0cd26',NULL,'Blanc',NULL,'866ff60f-5cb0-11e7-a11e-7a791928939c','f33bfd80-2331-11e7-b36e-c03fd56ee88c',NULL,NULL);
INSERT INTO `answer` VALUES ('5a202c5d-6153-11e7-a7e0-484d7ee0cd26',NULL,'Faible',NULL,'976b4ccc-5cb0-11e7-a11e-7a791928939c','f33bfd80-2331-11e7-b36e-c03fd56ee88c',NULL,NULL);
INSERT INTO `answer` VALUES ('5a22e6a9-6153-11e7-a7e0-484d7ee0cd26',NULL,'Moyenne',NULL,'976b4ccc-5cb0-11e7-a11e-7a791928939c','f33bfd80-2331-11e7-b36e-c03fd56ee88c',NULL,NULL);
INSERT INTO `answer` VALUES ('5a22f945-6153-11e7-a7e0-484d7ee0cd26',NULL,'Forte',NULL,'976b4ccc-5cb0-11e7-a11e-7a791928939c','f33bfd80-2331-11e7-b36e-c03fd56ee88c',NULL,NULL);
INSERT INTO `answer` VALUES ('5bffa376-6156-11e7-a7e0-484d7ee0cd26',NULL,'Noir',NULL,'866ff60f-5cb0-11e7-a11e-7a791928939c','f4c0c96f-2331-11e7-b36e-c03fd56ee88c',NULL,NULL);
INSERT INTO `answer` VALUES ('5c00dc17-6156-11e7-a7e0-484d7ee0cd26',NULL,'Bleu',NULL,'866ff60f-5cb0-11e7-a11e-7a791928939c','f4c0c96f-2331-11e7-b36e-c03fd56ee88c',NULL,NULL);
INSERT INTO `answer` VALUES ('5c00eb84-6156-11e7-a7e0-484d7ee0cd26',NULL,'Rouge',NULL,'866ff60f-5cb0-11e7-a11e-7a791928939c','f4c0c96f-2331-11e7-b36e-c03fd56ee88c',NULL,NULL);
INSERT INTO `answer` VALUES ('5c00fd2c-6156-11e7-a7e0-484d7ee0cd26',NULL,'Jaune',NULL,'866ff60f-5cb0-11e7-a11e-7a791928939c','f4c0c96f-2331-11e7-b36e-c03fd56ee88c',NULL,NULL);
INSERT INTO `answer` VALUES ('5c010c20-6156-11e7-a7e0-484d7ee0cd26',NULL,'Vert',NULL,'866ff60f-5cb0-11e7-a11e-7a791928939c','f4c0c96f-2331-11e7-b36e-c03fd56ee88c',NULL,NULL);
INSERT INTO `answer` VALUES ('5c011b33-6156-11e7-a7e0-484d7ee0cd26',NULL,'Violet',NULL,'866ff60f-5cb0-11e7-a11e-7a791928939c','f4c0c96f-2331-11e7-b36e-c03fd56ee88c',NULL,NULL);
INSERT INTO `answer` VALUES ('5c012536-6156-11e7-a7e0-484d7ee0cd26',NULL,'Orange',NULL,'866ff60f-5cb0-11e7-a11e-7a791928939c','f4c0c96f-2331-11e7-b36e-c03fd56ee88c',NULL,NULL);
INSERT INTO `answer` VALUES ('5c0133bf-6156-11e7-a7e0-484d7ee0cd26',NULL,'Rose',NULL,'866ff60f-5cb0-11e7-a11e-7a791928939c','f4c0c96f-2331-11e7-b36e-c03fd56ee88c',NULL,NULL);
INSERT INTO `answer` VALUES ('5c092983-6156-11e7-a7e0-484d7ee0cd26',NULL,'Blanc',NULL,'866ff60f-5cb0-11e7-a11e-7a791928939c','f4c0c96f-2331-11e7-b36e-c03fd56ee88c',NULL,NULL);
INSERT INTO `answer` VALUES ('85bab355-6156-11e7-a7e0-484d7ee0cd26',NULL,'Faible',NULL,'976b4ccc-5cb0-11e7-a11e-7a791928939c','f4c0c96f-2331-11e7-b36e-c03fd56ee88c',NULL,NULL);
INSERT INTO `answer` VALUES ('85bd9312-6156-11e7-a7e0-484d7ee0cd26',NULL,'Moyenne',NULL,'976b4ccc-5cb0-11e7-a11e-7a791928939c','f4c0c96f-2331-11e7-b36e-c03fd56ee88c',NULL,NULL);
INSERT INTO `answer` VALUES ('85bda252-6156-11e7-a7e0-484d7ee0cd26',NULL,'Forte',NULL,'976b4ccc-5cb0-11e7-a11e-7a791928939c','f4c0c96f-2331-11e7-b36e-c03fd56ee88c',NULL,NULL);
INSERT INTO `answer` VALUES ('93644d21-6155-11e7-a7e0-484d7ee0cd26',NULL,'0',NULL,'d2cccf4b-233d-11e7-b36e-c03fd56ee88c','f4c0c96f-2331-11e7-b36e-c03fd56ee88c',NULL,NULL);
INSERT INTO `answer` VALUES ('936649dc-6155-11e7-a7e0-484d7ee0cd26',NULL,'1',NULL,'d2cccf4b-233d-11e7-b36e-c03fd56ee88c','f4c0c96f-2331-11e7-b36e-c03fd56ee88c',NULL,NULL);
INSERT INTO `answer` VALUES ('93665c22-6155-11e7-a7e0-484d7ee0cd26',NULL,'2',NULL,'d2cccf4b-233d-11e7-b36e-c03fd56ee88c','f4c0c96f-2331-11e7-b36e-c03fd56ee88c',NULL,NULL);
INSERT INTO `answer` VALUES ('93666bdf-6155-11e7-a7e0-484d7ee0cd26',NULL,'3',NULL,'d2cccf4b-233d-11e7-b36e-c03fd56ee88c','f4c0c96f-2331-11e7-b36e-c03fd56ee88c',NULL,NULL);
INSERT INTO `answer` VALUES ('936676b3-6155-11e7-a7e0-484d7ee0cd26',NULL,'4',NULL,'d2cccf4b-233d-11e7-b36e-c03fd56ee88c','f4c0c96f-2331-11e7-b36e-c03fd56ee88c',NULL,NULL);
INSERT INTO `answer` VALUES ('b7541f37-614d-11e7-a7e0-484d7ee0cd26',NULL,'Je ne sais pas',NULL,'529510c6-233d-11e7-b36e-c03fd56ee88c','f33bfd80-2331-11e7-b36e-c03fd56ee88c',NULL,NULL);
INSERT INTO `answer` VALUES ('b75607a3-614d-11e7-a7e0-484d7ee0cd26',NULL,'Jamais',NULL,'529510c6-233d-11e7-b36e-c03fd56ee88c','f33bfd80-2331-11e7-b36e-c03fd56ee88c',NULL,NULL);
INSERT INTO `answer` VALUES ('b75618f8-614d-11e7-a7e0-484d7ee0cd26',NULL,'De temps en temps',NULL,'529510c6-233d-11e7-b36e-c03fd56ee88c','f33bfd80-2331-11e7-b36e-c03fd56ee88c',NULL,NULL);
INSERT INTO `answer` VALUES ('b7562603-614d-11e7-a7e0-484d7ee0cd26',NULL,'Souvent',NULL,'529510c6-233d-11e7-b36e-c03fd56ee88c','f33bfd80-2331-11e7-b36e-c03fd56ee88c',NULL,NULL);
INSERT INTO `answer` VALUES ('b75633c9-614d-11e7-a7e0-484d7ee0cd26',NULL,'Toujours',NULL,'529510c6-233d-11e7-b36e-c03fd56ee88c','f33bfd80-2331-11e7-b36e-c03fd56ee88c',NULL,NULL);
INSERT INTO `answer` VALUES ('cc8481fa-6152-11e7-a7e0-484d7ee0cd26',NULL,'Printemps',NULL,'7de83d99-5cb0-11e7-a11e-7a791928939c','f33bfd80-2331-11e7-b36e-c03fd56ee88c',NULL,NULL);
INSERT INTO `answer` VALUES ('cc849040-6152-11e7-a7e0-484d7ee0cd26',NULL,'Été',NULL,'7de83d99-5cb0-11e7-a11e-7a791928939c','f33bfd80-2331-11e7-b36e-c03fd56ee88c',NULL,NULL);
INSERT INTO `answer` VALUES ('cc8495c7-6152-11e7-a7e0-484d7ee0cd26',NULL,'Automne',NULL,'7de83d99-5cb0-11e7-a11e-7a791928939c','f33bfd80-2331-11e7-b36e-c03fd56ee88c',NULL,NULL);
INSERT INTO `answer` VALUES ('cc849a33-6152-11e7-a7e0-484d7ee0cd26',NULL,'Hiver',NULL,'7de83d99-5cb0-11e7-a11e-7a791928939c','f33bfd80-2331-11e7-b36e-c03fd56ee88c',NULL,NULL);
INSERT INTO `answer` VALUES ('d71db85b-6155-11e7-a7e0-484d7ee0cd26',NULL,'Printemps',NULL,'7de83d99-5cb0-11e7-a11e-7a791928939c','f4c0c96f-2331-11e7-b36e-c03fd56ee88c',NULL,NULL);
INSERT INTO `answer` VALUES ('d720e6d1-6155-11e7-a7e0-484d7ee0cd26',NULL,'Été',NULL,'7de83d99-5cb0-11e7-a11e-7a791928939c','f4c0c96f-2331-11e7-b36e-c03fd56ee88c',NULL,NULL);
INSERT INTO `answer` VALUES ('d720f6f1-6155-11e7-a7e0-484d7ee0cd26',NULL,'Automne',NULL,'7de83d99-5cb0-11e7-a11e-7a791928939c','f4c0c96f-2331-11e7-b36e-c03fd56ee88c',NULL,NULL);
INSERT INTO `answer` VALUES ('d72101ff-6155-11e7-a7e0-484d7ee0cd26',NULL,'Hiver',NULL,'7de83d99-5cb0-11e7-a11e-7a791928939c','f4c0c96f-2331-11e7-b36e-c03fd56ee88c',NULL,NULL);
INSERT INTO `answer` VALUES ('e25a9f0e-614d-11e7-a7e0-484d7ee0cd26',NULL,'Eau',NULL,'cb729134-233d-11e7-b36e-c03fd56ee88c','f33bfd80-2331-11e7-b36e-c03fd56ee88c',NULL,NULL);
INSERT INTO `answer` VALUES ('e25c1131-614d-11e7-a7e0-484d7ee0cd26',NULL,'Air',NULL,'cb729134-233d-11e7-b36e-c03fd56ee88c','f33bfd80-2331-11e7-b36e-c03fd56ee88c',NULL,NULL);
INSERT INTO `answer` VALUES ('e264bf21-614d-11e7-a7e0-484d7ee0cd26',NULL,'Feu',NULL,'cb729134-233d-11e7-b36e-c03fd56ee88c','f33bfd80-2331-11e7-b36e-c03fd56ee88c',NULL,NULL);
INSERT INTO `answer` VALUES ('e264cd1a-614d-11e7-a7e0-484d7ee0cd26',NULL,'Terre',NULL,'cb729134-233d-11e7-b36e-c03fd56ee88c','f33bfd80-2331-11e7-b36e-c03fd56ee88c',NULL,NULL);
INSERT INTO `answer` VALUES ('fb906f94-6152-11e7-a7e0-484d7ee0cd26',NULL,'Pas du tout',NULL,'8276630d-5cb0-11e7-a11e-7a791928939c','f33bfd80-2331-11e7-b36e-c03fd56ee88c',NULL,NULL);
INSERT INTO `answer` VALUES ('fb9081f9-6152-11e7-a7e0-484d7ee0cd26',NULL,'Un peu',NULL,'8276630d-5cb0-11e7-a11e-7a791928939c','f33bfd80-2331-11e7-b36e-c03fd56ee88c',NULL,NULL);
INSERT INTO `answer` VALUES ('fb9091f3-6152-11e7-a7e0-484d7ee0cd26',NULL,'Tout à fait',NULL,'8276630d-5cb0-11e7-a11e-7a791928939c','f33bfd80-2331-11e7-b36e-c03fd56ee88c',NULL,NULL);
CREATE TABLE android_metadata (locale TEXT);
INSERT INTO `android_metadata` VALUES ('en_US');
CREATE TABLE activitycategory(id TEXT, categoryNumber TEXT, name TEXT );
INSERT INTO `activitycategory` VALUES ('f33bfd80-2331-11e7-b36e-c03fd56ee88c','1','Ce que je pense des autres');
INSERT INTO `activitycategory` VALUES ('f4c0c96f-2331-11e7-b36e-c03fd56ee88c','2','Ce que je pense de moi');
INSERT INTO `activitycategory` VALUES ('f582e14d-2331-11e7-b36e-c03fd56ee88c','3','Ce que les autres pensent de moi');
INSERT INTO `activitycategory` VALUES ('f6b0f391-2331-11e7-b36e-c03fd56ee88c','4','Ce que je suis');
CREATE TABLE activity(id TEXT, name TEXT, activityNumber TEXT );
INSERT INTO `activity` VALUES ('3c83f63b-2343-11e7-b36e-c03fd56ee88c','Activity 1','1');
INSERT INTO `activity` VALUES ('3f1790cb-2343-11e7-b36e-c03fd56ee88c','Activity 2','2');
INSERT INTO `activity` VALUES ('42c1e9b2-2343-11e7-b36e-c03fd56ee88c','Activity 3','3');
INSERT INTO `activity` VALUES ('470874c4-2343-11e7-b36e-c03fd56ee88c','Activity 4','4');
CREATE TABLE Settings(datebase_version TEXT );
INSERT INTO `Settings` VALUES ('1');
CREATE TABLE Orders(OrderID TEXT, OrderNumber TEXT, PersonID TEXT );
CREATE VIEW animalchoice_moi AS SELECT * from answer  where answer.ratingtypeid = "21c4d400-233e-11e7-b36e-c03fd56ee88c" AND answer.activityCategoryId = "f4c0c96f-2331-11e7-b36e-c03fd56ee88c" ORDER BY answer.description;
CREATE VIEW allquestion_other AS 
 SELECT * FROM question 
 INNER JOIN ratingtype ON question.ratingTypeId = ratingtype.id 
 INNER JOIN activity ON question.activityId = activity.id
 INNER JOIN attribute ON question.attributeId = attribute.id
 INNER JOIN activitycategory ON question.activityCategoryId = activitycategory.id
 WHERE activity.id ='3c83f63b-2343-11e7-b36e-c03fd56ee88c';
CREATE VIEW allquestion AS 
 SELECT * FROM question 
 INNER JOIN ratingtype ON question.ratingTypeId = ratingtype.id 
 INNER JOIN activity ON question.activityId = activity.id
 INNER JOIN attribute ON question.attributeId = attribute.id
 INNER JOIN activitycategory ON question.activityCategoryId = activitycategory.id
 WHERE activity.id ='3f1790cb-2343-11e7-b36e-c03fd56ee88c';
COMMIT;
